t;alpha;omega
0; 0; 0
0.05; 0; 0.185205
0.05; 0.00926026; 0.171345
0.1; 0.0171345; 0.343672
0.1; 0.0176129; 0.343347
0.15; 0.0347802; 0.501818
0.15; 0.0427038; 0.488946
0.2; 0.0665075; 0.635537
0.2; 0.0669531; 0.635207
0.25; 0.0987135; 0.768926
0.25; 0.105399; 0.757045
0.3; 0.142658; 0.879873
0.3; 0.14307; 0.879542
0.35; 0.187047; 0.990485
0.35; 0.192594; 0.979589
0.4; 0.241029; 1.08061
0.4; 0.241409; 1.08028
0.45; 0.295423; 1.1704
0.45; 0.299929; 1.16047
0.5; 0.357456; 1.24162
0.5; 0.357803; 1.2413
0.55; 0.419868; 1.3125
0.55; 0.423428; 1.30351
0.6; 0.488154; 1.36665
0.6; 0.488469; 1.36634
0.65; 0.556786; 1.42048
0.65; 0.559493; 1.4124
0.7; 0.629709; 1.45935
0.7; 0.629993; 1.45904
0.75; 0.702945; 1.4979
0.75; 0.704888; 1.49069
0.8; 0.779062; 1.52318
0.8; 0.779317; 1.52289
0.85; 0.855461; 1.54816
0.85; 0.856725; 1.54178
0.9; 0.933494; 1.56147
0.9; 0.933721; 1.5612
0.95; 1.01178; 1.57449
0.95; 1.01245; 1.56889
1; 1.09061; 1.57735
1; 1.09081; 1.57709
1.05; 1.16966; 1.57993
1.05; 1.16981; 1.57506
1.1; 1.24832; 1.57375
1.1; 1.24849; 1.57351
1.15; 1.32717; 1.56732
1.15; 1.32686; 1.56314
1.2; 1.4048; 1.55343
1.2; 1.40495; 1.5532
1.25; 1.48261; 1.5393
1.25; 1.48192; 1.53576
1.3; 1.55853; 1.51893
1.3; 1.55866; 1.51872
1.35; 1.63459; 1.49833
1.35; 1.63358; 1.49538
1.4; 1.7082; 1.4726
1.4; 1.7083; 1.47241
1.45; 1.78192; 1.44666
1.45; 1.78064; 1.44425
1.5; 1.85273; 1.4166
1.5; 1.85282; 1.41642
1.55; 1.92364; 1.38634
1.55; 1.92213; 1.38441
1.6; 1.99126; 1.35287
1.6; 1.99133; 1.35271
1.65; 2.05897; 1.31923
1.65; 2.05729; 1.31774
1.7; 2.12311; 1.2832
1.7; 2.12316; 1.28305
1.75; 2.18731; 1.247
1.75; 2.18551; 1.24592
1.8; 2.24775; 1.20916
1.8; 2.2478; 1.20903
1.85; 2.30825; 1.17117
1.85; 2.30635; 1.17044
1.9; 2.36484; 1.13218
1.9; 2.36487; 1.13207
1.95; 2.42147; 1.09306
1.95; 2.41952; 1.09264
2; 2.47413; 1.05352
2; 2.47415; 1.05341
2.05; 2.52682; 1.01385
2.05; 2.52485; 1.0137
2.1; 2.57552; 0.974251
2.1; 2.57553; 0.97416
2.15; 2.62424; 0.93455
2.15; 2.62226; 0.934641
2.2; 2.669; 0.895342
2.2; 2.669; 0.895263
2.25; 2.71376; 0.856045
2.25; 2.7118; 0.85634
2.3; 2.75463; 0.817603
2.3; 2.75462; 0.817535
2.35; 2.7955; 0.779083
2.35; 2.79358; 0.77955
2.4; 2.83258; 0.741721
2.4; 2.83257; 0.741664
2.45; 2.86965; 0.704293
2.45; 2.86778; 0.704902
2.5; 2.90306; 0.66827
2.5; 2.90304; 0.668222
2.55; 2.93645; 0.632191
2.55; 2.93465; 0.632916
2.6; 2.96633; 0.597715
2.6; 2.96631; 0.597676
2.65; 2.99619; 0.563192
2.65; 2.99447; 0.56401
2.7; 3.02271; 0.530425
2.7; 3.02268; 0.530394
2.75; 3.0492; 0.497621
2.75; 3.04756; 0.498509
2.8; 3.07253; 0.466684
2.8; 3.07251; 0.466661
2.85; 3.09584; 0.435718
2.85; 3.09429; 0.436657
2.9; 3.11617; 0.406696
2.9; 3.11614; 0.406679
2.95; 3.13647; 0.377651
2.95; 3.13502; 0.378624
3; 3.154; 0.350595
3; 3.15397; 0.350584
3.05; 3.1715; 0.323523
3.05; 3.17015; 0.324514
3.1; 3.18642; 0.298456
3.1; 3.18639; 0.29845
3.15; 3.20131; 0.273378
3.15; 3.20006; 0.274375
3.2; 3.21383; 0.250298
3.2; 3.21379; 0.250296
3.25; 3.22631; 0.227212
3.25; 3.22515; 0.228202
3.3; 3.23661; 0.206095
3.3; 3.23658; 0.206097
3.35; 3.24689; 0.184977
3.35; 3.24583; 0.18595
3.4; 3.25518; 0.165781
3.4; 3.25514; 0.165787
3.45; 3.26343; 0.146588
3.45; 3.26247; 0.147536
3.5; 3.2699; 0.129257
3.5; 3.26986; 0.129265
3.55; 3.27633; 0.111931
3.55; 3.27546; 0.112847
3.6; 3.28115; 0.0963948
3.6; 3.28112; 0.0964055
3.65; 3.28594; 0.0808672
3.65; 3.28516; 0.0817457
3.7; 3.28929; 0.0670461
3.7; 3.28926; 0.0670587
3.75; 3.29262; 0.0532363
3.75; 3.29192; 0.0540729
3.8; 3.29467; 0.0410435
3.8; 3.29464; 0.0410575
3.85; 3.29669; 0.0288637
3.85; 3.29608; 0.0296552
3.9; 3.29761; 0.0182063
3.9; 3.29758; 0.0182214
3.95; 3.29849; 0.00756329
3.95; 3.29796; 0.00830719
4; 3.29841; -0.00165552
4; 3.29838; -0.00163961
4.05; 3.2983; -0.0108589
4.05; 3.29784; -0.0101641
4.1; 3.29737; -0.0187382
4.1; 3.29734; -0.0187217
4.15; 3.29641; -0.0266012
4.15; 3.29601; -0.0259563
4.2; 3.29475; -0.033241
4.2; 3.29473; -0.0332243
4.25; 3.29307; -0.0398641
4.25; 3.29273; -0.0392692
4.3; 3.2908; -0.0453639
4.3; 3.29078; -0.0453472
4.35; 3.28851; -0.0508469
4.35; 3.28824; -0.0503015
4.4; 3.28575; -0.0553051
4.4; 3.28573; -0.0552885
4.45; 3.28297; -0.0597464
4.45; 3.28274; -0.0592497
4.5; 3.2798; -0.0632589
4.5; 3.27979; -0.0632427
4.55; 3.27663; -0.0667548
4.55; 3.27645; -0.0663054
4.6; 3.27316; -0.0694147
4.6; 3.27314; -0.0693989
4.65; 3.26967; -0.0720583
4.65; 3.26954; -0.0716546
4.7; 3.26598; -0.073955
4.7; 3.26596; -0.0739397
4.75; 3.26226; -0.0758358
4.75; 3.26217; -0.0754758
4.8; 3.25841; -0.0770546
4.8; 3.2584; -0.07704
4.85; 3.25455; -0.0782582
4.85; 3.25449; -0.0779398
4.9; 3.25061; -0.07888
4.9; 3.2506; -0.0788661
4.95; 3.24665; -0.0794872
4.95; 3.24662; -0.0792081
5; 3.24268; -0.0795882
5; 3.24267; -0.0795751
5.05; 3.23869; -0.0796754
5.05; 3.23868; -0.0794332
5.1; 3.23472; -0.0793269
5.1; 3.23471; -0.0793146
5.15; 3.23075; -0.0789653
5.15; 3.23077; -0.0787575
5.2; 3.22684; -0.0782336
5.2; 3.22683; -0.0782222
5.25; 3.22292; -0.0774897
5.25; 3.22296; -0.0773138
5.3; 3.2191; -0.0764361
5.3; 3.21909; -0.0764254
5.35; 3.21527; -0.075371
5.35; 3.21532; -0.0752245
5.4; 3.21157; -0.0740517
5.4; 3.21156; -0.0740419
5.45; 3.20786; -0.0727219
5.45; 3.20793; -0.0726023
5.5; 3.2043; -0.0711883
5.5; 3.2043; -0.0711794
5.55; 3.20074; -0.069645
5.55; 3.20082; -0.0695499
5.6; 3.19734; -0.0679438
5.6; 3.19734; -0.0679356
5.65; 3.19394; -0.0662336
5.65; 3.19403; -0.0661606
5.7; 3.19073; -0.0644066
5.7; 3.19072; -0.0643993
5.75; 3.1875; -0.0625715
5.75; 3.18759; -0.0625184
5.8; 3.18447; -0.0606562
5.8; 3.18447; -0.0606496
5.85; 3.18144; -0.0587336
5.85; 3.18153; -0.0586981
5.9; 3.1786; -0.0567632
5.9; 3.1786; -0.0567574
5.95; 3.17576; -0.0547863
5.95; 3.17586; -0.0547664
6; 3.17312; -0.0527901
6; 3.17312; -0.052785
6.05; 3.17048; -0.0507881
6.05; 3.17058; -0.0507819
6.1; 3.16804; -0.0487916
6.1; 3.16804; -0.048787
6.15; 3.1656; -0.0467898
6.15; 3.1657; -0.0467954
6.2; 3.16336; -0.0448148
6.2; 3.16336; -0.0448108
6.25; 3.16112; -0.0428352
6.25; 3.16122; -0.0428509
6.3; 3.15908; -0.0409003
6.3; 3.15908; -0.0408969
6.35; 3.15703; -0.0389615
6.35; 3.15713; -0.0389857
6.4; 3.15518; -0.0370823
6.4; 3.15518; -0.0370795
6.45; 3.15332; -0.0351998
6.45; 3.15342; -0.0352312
6.5; 3.15166; -0.0333892
6.5; 3.15166; -0.0333869
6.55; 3.14999; -0.0315758
6.55; 3.15008; -0.0316129
6.6; 3.1485; -0.029844
6.6; 3.1485; -0.0298421
6.65; 3.147; -0.02811
6.65; 3.14709; -0.0281516
6.7; 3.14568; -0.026465
6.7; 3.14568; -0.0264635
6.75; 3.14436; -0.0248182
6.75; 3.14444; -0.0248633
6.8; 3.1432; -0.0232661
6.8; 3.1432; -0.0232649
6.85; 3.14203; -0.0217125
6.85; 3.14211; -0.02176
6.9; 3.14102; -0.0202572
6.9; 3.14102; -0.0202563
6.95; 3.14001; -0.0188008
6.95; 3.14008; -0.01885
7; 3.13914; -0.0174448
7; 3.13914; -0.0174443
7.05; 3.13827; -0.0160881
7.05; 3.13834; -0.0161381
7.1; 3.13753; -0.0148325
7.1; 3.13753; -0.0148322
7.15; 3.13679; -0.0135764
7.15; 3.13685; -0.0136266
7.2; 3.13617; -0.0124209
7.2; 3.13617; -0.0124209
7.25; 3.13555; -0.0112652
7.25; 3.1356; -0.0113151
7.3; 3.13504; -0.0102087
7.3; 3.13504; -0.0102088
7.35; 3.13453; -0.00915206
7.35; 3.13458; -0.00920104
7.4; 3.13412; -0.00819219
7.4; 3.13412; -0.00819249
7.45; 3.13371; -0.00723249
7.45; 3.13376; -0.00728017
7.5; 3.13339; -0.00636638
7.5; 3.13339; -0.00636681
7.55; 3.13307; -0.00550059
7.55; 3.13312; -0.00554664
7.6; 3.13284; -0.00472469
7.6; 3.13284; -0.00472524
7.65; 3.1326; -0.00394925
7.65; 3.13264; -0.00399338
7.7; 3.13244; -0.0032595
7.7; 3.13244; -0.00326014
7.75; 3.13228; -0.00257033
7.75; 3.13231; -0.00261234
7.8; 3.13218; -0.00196232
7.8; 3.13218; -0.00196303
7.85; 3.13208; -0.00135497
7.85; 3.13211; -0.00139469
7.9; 3.13204; -0.000823985
7.9; 3.13204; -0.000824752
7.95; 3.132; -0.000293731
7.95; 3.13203; -0.000331039
8; 3.13201; 0.000165126
8; 3.13201; 0.000164321
8.05; 3.13202; 0.000623199
8.05; 3.13204; 0.000588373
8.1; 3.13207; 0.00101493
8.1; 3.13207; 0.0010141
8.15; 3.13212; 0.00140584
8.15; 3.13214; 0.00137353
8.2; 3.13221; 0.00173549
8.2; 3.13221; 0.00173465
8.25; 3.1323; 0.0020643
8.25; 3.13231; 0.00203451
8.3; 3.13241; 0.00233689
8.3; 3.13241; 0.00233605
8.35; 3.13253; 0.00260863
8.35; 3.13255; 0.00258134
8.4; 3.13267; 0.00282911
8.4; 3.13267; 0.00282828
8.45; 3.13282; 0.00304874
8.45; 3.13283; 0.0030239
8.5; 3.13298; 0.00322194
8.5; 3.13298; 0.00322112
8.55; 3.13314; 0.0033943
8.55; 3.13315; 0.00337184
8.6; 3.13331; 0.00352489
8.6; 3.13331; 0.0035241
8.65; 3.13349; 0.00365467
8.65; 3.1335; 0.0036345
8.7; 3.13368; 0.00374715
8.7; 3.13368; 0.00374639
8.75; 3.13387; 0.00383884
8.75; 3.13387; 0.00382087
8.8; 3.13406; 0.0038975
8.8; 3.13406; 0.00389677
8.85; 3.13426; 0.00395539
8.85; 3.13426; 0.00393951
8.9; 3.13446; 0.00398429
8.9; 3.13446; 0.00398359
8.95; 3.13466; 0.00401245
8.95; 3.13466; 0.00399854
9; 3.13486; 0.0040154
9; 3.13486; 0.00401474
9.05; 3.13506; 0.00401765
9.05; 3.13506; 0.0040056
9.1; 3.13526; 0.00399824
9.1; 3.13526; 0.00399762
9.15; 3.13546; 0.00397816
9.15; 3.13546; 0.00396783
9.2; 3.13565; 0.0039397
9.2; 3.13565; 0.00393913
9.25; 3.13585; 0.00390062
9.25; 3.13585; 0.00389188
9.3; 3.13604; 0.00384618
9.3; 3.13604; 0.00384565
9.35; 3.13624; 0.00379116
9.35; 3.13623; 0.0037839
9.4; 3.13642; 0.00372356
9.4; 3.13642; 0.00372307
9.45; 3.13661; 0.00365542
9.45; 3.13661; 0.00364951
9.5; 3.13679; 0.00357723
9.5; 3.13679; 0.00357678
9.55; 3.13697; 0.00349854
9.55; 3.13696; 0.00349385
9.6; 3.13714; 0.00341209
9.6; 3.13714; 0.00341168
9.65; 3.13731; 0.00332518
9.65; 3.1373; 0.00332159
9.7; 3.13747; 0.00323255
9.7; 3.13747; 0.00323219
9.75; 3.13763; 0.00313952
9.75; 3.13763; 0.00313692
9.8; 3.13778; 0.0030426
9.8; 3.13778; 0.00304227
9.85; 3.13794; 0.00294531
9.85; 3.13793; 0.00294359
9.9; 3.13808; 0.00284575
9.9; 3.13808; 0.00284545
9.95; 3.13822; 0.00274586
9.95; 3.13822; 0.00274492
10; 3.13835; 0.00264511
10; 3.13835; 0.00264485
10.05; 3.13849; 0.00254407
10.05; 3.13848; 0.00254382
10.1; 3.13861; 0.00244341
10.1; 3.13861; 0.00244319
10.15; 3.13873; 0.0023425
10.15; 3.13872; 0.00234283
10.2; 3.13884; 0.00224301
10.2; 3.13884; 0.00224282
10.25; 3.13895; 0.0021433
10.25; 3.13895; 0.00214414
10.3; 3.13906; 0.00204592
10.3; 3.13906; 0.00204575
10.35; 3.13916; 0.00194834
10.35; 3.13915; 0.0019496
10.4; 3.13925; 0.00185383
10.4; 3.13925; 0.00185369
10.45; 3.13934; 0.00175915
10.45; 3.13934; 0.00176076
10.5; 3.13943; 0.00166815
10.5; 3.13943; 0.00166804
10.55; 3.13951; 0.00157701
10.55; 3.13951; 0.00157891
10.6; 3.13958; 0.00149003
10.6; 3.13958; 0.00148993
10.65; 3.13966; 0.00140293
10.65; 3.13965; 0.00140505
10.7; 3.13973; 0.00132036
10.7; 3.13973; 0.00132028
10.75; 3.13979; 0.00123769
10.75; 3.13979; 0.00123998
10.8; 3.13985; 0.00115982
10.8; 3.13985; 0.00115976
10.85; 3.13991; 0.00108188
10.85; 3.1399; 0.00108429
10.9; 3.13996; 0.00100891
10.9; 3.13996; 0.00100887
10.95; 3.14001; 0.00093588
10.95; 3.14; 0.000938367
11; 3.14005; 0.000867927
11; 3.14005; 0.000867901
11.05; 3.14009; 0.000799936
11.05; 3.14009; 0.000802462
11.1; 3.14013; 0.000737046
11.1; 3.14013; 0.000737033
11.15; 3.14017; 0.000674133
11.15; 3.14016; 0.000676667
11.2; 3.1402; 0.000616293
11.2; 3.1402; 0.000616291
11.25; 3.14023; 0.000558441
11.25; 3.14023; 0.000560953
11.3; 3.14025; 0.00050558
11.3; 3.14025; 0.000505587
11.35; 3.14028; 0.000452718
11.35; 3.14028; 0.000455184
11.4; 3.1403; 0.000404723
11.4; 3.1403; 0.000404739
11.45; 3.14032; 0.000356738
11.45; 3.14032; 0.000359136
11.5; 3.14034; 0.000313458
11.5; 3.14034; 0.00031348
11.55; 3.14035; 0.000270195
11.55; 3.14035; 0.00027251
11.6; 3.14036; 0.000231448
11.6; 3.14036; 0.000231476
11.65; 3.14037; 0.000192725
11.65; 3.14037; 0.000194943
11.7; 3.14038; 0.000158306
11.7; 3.14038; 0.000158338
11.75; 3.14039; 0.000123915
11.75; 3.14039; 0.000126025
11.8; 3.1404; 9.35981e-05
11.8; 3.1404; 9.36344e-05
11.85; 3.1404; 6.33147e-05
11.85; 3.1404; 6.53076e-05
11.9; 3.1404; 3.68614e-05
11.9; 3.1404; 3.69003e-05
11.95; 3.1404; 1.04453e-05
11.95; 3.1404; 1.23163e-05
12; 3.1404; -1.23917e-05
12; 3.1404; -1.23509e-05
12.05; 3.1404; -3.51889e-05
12.05; 3.1404; -3.34433e-05
12.1; 3.1404; -5.46623e-05
12.1; 3.1404; -5.46204e-05
12.15; 3.1404; -7.40942e-05
12.15; 3.1404; -7.24758e-05
12.2; 3.14039; -9.04585e-05
12.2; 3.14039; -9.0416e-05
12.25; 3.14039; -0.00010678
12.25; 3.14039; -0.000105289
12.3; 3.14038; -0.000120288
12.3; 3.14038; -0.000120246
12.35; 3.14038; -0.000133754
12.35; 3.14037; -0.000132388
12.4; 3.14037; -0.000144655
12.4; 3.14037; -0.000144613
12.45; 3.14036; -0.000155513
12.45; 3.14036; -0.000154271
12.5; 3.14035; -0.000164051
12.5; 3.14035; -0.00016401
12.55; 3.14034; -0.000172546
12.55; 3.14034; -0.000171424
12.6; 3.14034; -0.000178955
12.6; 3.14034; -0.000178915
12.65; 3.14033; -0.000185323
12.65; 3.14033; -0.000184315
12.7; 3.14032; -0.000189829
12.7; 3.14032; -0.00018979
12.75; 3.14031; -0.000194294
12.75; 3.14031; -0.000193398
12.8; 3.1403; -0.000197113
12.8; 3.1403; -0.000197076
12.85; 3.14029; -0.000199893
12.85; 3.14029; -0.000199101
12.9; 3.14028; -0.000201227
12.9; 3.14028; -0.000201192
12.95; 3.14027; -0.000202524
12.95; 3.14027; -0.000201831
13; 3.14026; -0.000202567
13; 3.14026; -0.000202534
13.05; 3.14025; -0.000202574
13.05; 3.14025; -0.000201974
13.1; 3.14024; -0.000201503
13.1; 3.14024; -0.000201472
13.15; 3.14023; -0.000200399
13.15; 3.14023; -0.000199885
13.2; 3.14022; -0.000198382
13.2; 3.14022; -0.000198353
13.25; 3.14021; -0.000196333
13.25; 3.14021; -0.000195899
13.3; 3.1402; -0.000193523
13.3; 3.1402; -0.000193496
13.35; 3.14019; -0.000190684
13.35; 3.14019; -0.000190323
13.4; 3.14018; -0.000187221
13.4; 3.14018; -0.000187197
13.45; 3.14017; -0.000183732
13.45; 3.14017; -0.000183439
13.5; 3.14016; -0.000179746
13.5; 3.14016; -0.000179724
13.55; 3.14015; -0.000175736
13.55; 3.14015; -0.000175505
13.6; 3.14014; -0.000171343
13.6; 3.14014; -0.000171323
13.65; 3.14013; -0.000166928
13.65; 3.14013; -0.000166752
13.7; 3.14013; -0.000162233
13.7; 3.14013; -0.000162215
13.75; 3.14012; -0.000157518
13.75; 3.14012; -0.000157391
13.8; 3.14011; -0.000152613
13.8; 3.14011; -0.000152597
13.85; 3.1401; -0.000147691
13.85; 3.1401; -0.000147608
13.9; 3.1401; -0.000142661
13.9; 3.1401; -0.000142646
13.95; 3.14009; -0.000137614
13.95; 3.14009; -0.00013757
14; 3.14008; -0.00013253
14; 3.14008; -0.000132517
14.05; 3.14008; -0.000127431
14.05; 3.14008; -0.000127421
14.1; 3.14007; -0.000122357
14.1; 3.14007; -0.000122346
14.15; 3.14006; -0.00011727
14.15; 3.14006; -0.000117289
14.2; 3.14006; -0.000112259
14.2; 3.14006; -0.000112249
14.25; 3.14005; -0.000107237
14.25; 3.14005; -0.000107281
14.3; 3.14005; -0.000102336
14.3; 3.14005; -0.000102328
14.35; 3.14004; -9.74251e-05
14.35; 3.14004; -9.74902e-05
14.4; 3.14004; -9.26721e-05
14.4; 3.14004; -9.26651e-05
14.45; 3.14003; -8.7911e-05
14.45; 3.14003; -8.79935e-05
14.5; 3.14003; -8.33375e-05
14.5; 3.14003; -8.33317e-05
14.55; 3.14002; -7.87572e-05
14.55; 3.14002; -7.88537e-05
14.6; 3.14002; -7.43883e-05
14.6; 3.14002; -7.43836e-05
14.65; 3.14002; -7.00138e-05
14.65; 3.14002; -7.01215e-05
14.7; 3.14001; -6.5869e-05
14.7; 3.14001; -6.58653e-05
14.75; 3.14001; -6.17196e-05
14.75; 3.14001; -6.18356e-05
14.8; 3.14001; -5.7813e-05
14.8; 3.14001; -5.78102e-05
14.85; 3.14; -5.39028e-05
14.85; 3.14; -5.40247e-05
14.9; 3.14; -5.02441e-05
14.9; 3.14; -5.02421e-05
14.95; 3.14; -4.65827e-05
14.95; 3.14; -4.67084e-05
15; 3.14; -4.31774e-05
15; 3.14; -4.31762e-05
15.05; 3.13999; -3.97703e-05
15.05; 3.14; -3.98978e-05
15.1; 3.13999; -3.66205e-05
15.1; 3.13999; -3.66199e-05
15.15; 3.13999; -3.34696e-05
15.15; 3.13999; -3.35974e-05
15.2; 3.13999; -3.05743e-05
15.2; 3.13999; -3.05742e-05
15.25; 3.13999; -2.76784e-05
15.25; 3.13999; -2.7805e-05
15.3; 3.13999; -2.50339e-05
15.3; 3.13999; -2.50343e-05
15.35; 3.13999; -2.23894e-05
15.35; 3.13999; -2.25135e-05
15.4; 3.13998; -1.99897e-05
15.4; 3.13998; -1.99905e-05
15.45; 3.13998; -1.75905e-05
15.45; 3.13998; -1.77112e-05
15.5; 3.13998; -1.54279e-05
15.5; 3.13998; -1.54291e-05
15.55; 3.13998; -1.32662e-05
15.55; 3.13998; -1.33826e-05
15.6; 3.13998; -1.13314e-05
15.6; 3.13998; -1.13328e-05
15.65; 3.13998; -9.39783e-06
15.65; 3.13998; -9.50922e-06
15.7; 3.13998; -7.68034e-06
15.7; 3.13998; -7.68201e-06
15.75; 3.13998; -5.96435e-06
15.75; 3.13998; -6.07024e-06
15.8; 3.13998; -4.45276e-06
15.8; 3.13998; -4.4546e-06
15.85; 3.13998; -2.94289e-06
15.85; 3.13998; -3.04288e-06
15.9; 3.13998; -1.62511e-06
15.9; 3.13998; -1.62709e-06
15.95; 3.13998; -3.09231e-07
15.95; 3.13998; -4.03058e-07
16; 3.13998; 8.2724e-07
16; 3.13998; 8.25178e-07
16.05; 3.13998; 1.9617e-06
16.05; 3.13998; 1.87421e-06
16.1; 3.13998; 2.92963e-06
16.1; 3.13998; 2.92751e-06
16.15; 3.13998; 3.89546e-06
16.15; 3.13998; 3.81439e-06
16.2; 3.13998; 4.7077e-06
16.2; 3.13998; 4.70555e-06
16.25; 3.13998; 5.51778e-06
16.25; 3.13998; 5.44311e-06
16.3; 3.13998; 6.18706e-06
16.3; 3.13998; 6.18492e-06
16.35; 3.13998; 6.85417e-06
16.35; 3.13998; 6.78585e-06
16.4; 3.13998; 7.39305e-06
16.4; 3.13998; 7.39094e-06
16.45; 3.13998; 7.92977e-06
16.45; 3.13998; 7.86765e-06
16.5; 3.13998; 8.35048e-06
16.5; 3.13998; 8.34841e-06
16.55; 3.13998; 8.76905e-06
16.55; 3.13998; 8.71295e-06
16.6; 3.13998; 9.08341e-06
16.6; 3.13998; 9.0814e-06
16.65; 3.13998; 9.39568e-06
16.65; 3.13998; 9.34538e-06
16.7; 3.13998; 9.61503e-06
16.7; 3.13998; 9.6131e-06
16.75; 3.13998; 9.83236e-06
16.75; 3.13998; 9.7876e-06
16.8; 3.13999; 9.96751e-06
16.8; 3.13999; 9.96566e-06
16.85; 3.13999; 1.01007e-05
16.85; 3.13999; 1.00612e-05
16.9; 3.13999; 1.01619e-05
16.9; 3.13999; 1.01601e-05
16.95; 3.13999; 1.02212e-05
16.95; 3.13999; 1.01867e-05
17; 3.13999; 1.0218e-05
17; 3.13999; 1.02164e-05
17.05; 3.13999; 1.02131e-05
17.05; 3.13999; 1.01832e-05
17.1; 3.13999; 1.01545e-05
17.1; 3.13999; 1.0153e-05
17.15; 3.13999; 1.00943e-05
17.15; 3.13999; 1.00687e-05
17.2; 3.13999; 9.98869e-06
17.2; 3.13999; 9.98725e-06
17.25; 3.13999; 9.88154e-06
17.25; 3.13999; 9.85999e-06
17.3; 3.13999; 9.73659e-06
17.3; 3.13999; 9.73525e-06
17.35; 3.13999; 9.5902e-06
17.35; 3.13999; 9.57234e-06
17.4; 3.13999; 9.41296e-06
17.4; 3.13999; 9.41173e-06
17.45; 3.13999; 9.23439e-06
17.45; 3.13999; 9.2199e-06
17.5; 3.13999; 9.03129e-06
17.5; 3.13999; 9.03017e-06
17.55; 3.13999; 8.82697e-06
17.55; 3.13999; 8.81554e-06
17.6; 3.13999; 8.60383e-06
17.6; 3.13999; 8.60281e-06
17.65; 3.13999; 8.37957e-06
17.65; 3.13999; 8.3709e-06
17.7; 3.13999; 8.14161e-06
17.7; 3.13999; 8.14069e-06
17.75; 3.13999; 7.90265e-06
17.75; 3.13999; 7.89645e-06
17.8; 3.13999; 7.65454e-06
17.8; 3.13999; 7.65372e-06
17.85; 3.13999; 7.40552e-06
17.85; 3.13999; 7.40153e-06
17.9; 3.14; 7.1514e-06
17.9; 3.14; 7.15067e-06
17.95; 3.14; 6.89645e-06
17.95; 3.14; 6.89439e-06
18; 3.14; 6.63992e-06
18; 3.14; 6.63928e-06
18.05; 3.14; 6.38266e-06
18.05; 3.14; 6.38229e-06
18.1; 3.14; 6.12687e-06
18.1; 3.14; 6.12631e-06
18.15; 3.14; 5.87044e-06
18.15; 3.14; 5.87152e-06
18.2; 3.14; 5.61808e-06
18.2; 3.14; 5.61759e-06
18.25; 3.14; 5.36516e-06
18.25; 3.14; 5.36749e-06
18.3; 3.14; 5.11852e-06
18.3; 3.14; 5.11811e-06
18.35; 3.14; 4.8714e-06
18.35; 3.14; 4.87477e-06
18.4; 3.14; 4.63239e-06
18.4; 3.14; 4.63204e-06
18.45; 3.14; 4.39296e-06
18.45; 3.14; 4.3972e-06
18.5; 3.14; 4.16313e-06
18.5; 3.14; 4.16284e-06
18.55; 3.14; 3.93295e-06
18.55; 3.14; 3.93788e-06
18.6; 3.14; 3.71354e-06
18.6; 3.14; 3.7133e-06
18.65; 3.14; 3.49384e-06
18.65; 3.14; 3.49931e-06
18.7; 3.14; 3.2858e-06
18.7; 3.14; 3.28561e-06
18.75; 3.14; 3.07753e-06
18.75; 3.14; 3.08341e-06
18.8; 3.14; 2.88155e-06
18.8; 3.14; 2.88142e-06
18.85; 3.14; 2.6854e-06
18.85; 3.14; 2.69157e-06
18.9; 3.14; 2.50196e-06
18.9; 3.14; 2.50187e-06
18.95; 3.14; 2.3184e-06
18.95; 3.14; 2.32475e-06
19; 3.14; 2.14776e-06
19; 3.14; 2.1477e-06
19.05; 3.14; 1.97703e-06
19.05; 3.14; 1.98347e-06
19.1; 3.14; 1.81929e-06
19.1; 3.14; 1.81926e-06
19.15; 3.14; 1.66148e-06
19.15; 3.14; 1.66793e-06
19.2; 3.14; 1.51656e-06
19.2; 3.14; 1.51656e-06
19.25; 3.14; 1.37161e-06
19.25; 3.14; 1.37799e-06
19.3; 3.14; 1.23932e-06
19.3; 3.14; 1.23934e-06
19.35; 3.14; 1.10703e-06
19.35; 3.14; 1.11327e-06
19.4; 3.14; 9.87053e-07
19.4; 3.14; 9.87096e-07
19.45; 3.14; 8.67105e-07
19.45; 3.14; 8.73174e-07
19.5; 3.14; 7.59051e-07
19.5; 3.14; 7.59111e-07
19.55; 3.14; 6.51044e-07
19.55; 3.14; 6.56893e-07
19.6; 3.14; 5.54437e-07
19.6; 3.14; 5.5451e-07
19.65; 3.14; 4.57892e-07
19.65; 3.14; 4.63488e-07
19.7; 3.14; 3.72198e-07
19.7; 3.14; 3.72282e-07
19.75; 3.14; 2.86579e-07
19.75; 3.14; 2.91895e-07
19.8; 3.14; 2.11218e-07
19.8; 3.14; 2.11312e-07
19.85; 3.14; 1.35944e-07
19.85; 3.14; 1.40962e-07
19.9; 3.14; 7.03051e-08
19.9; 3.14; 7.0405e-08
19.95; 3.14; 4.76173e-09
19.95; 3.14; 9.4667e-09
20; 3.14; -5.17887e-08
20; 3.14; -5.16844e-08
20.05; 3.14; -1.08237e-07
20.05; 3.14; -1.03852e-07
20.1; 3.14; -1.56343e-07
20.1; 3.14; -1.56236e-07
20.15; 3.14; -2.04343e-07
20.15; 3.14; -2.00282e-07
20.2; 3.14; -2.44652e-07
20.2; 3.14; -2.44544e-07
20.25; 3.14; -2.84852e-07
20.25; 3.14; -2.81114e-07
20.3; 3.14; -3.18007e-07
20.3; 3.14; -3.17899e-07
20.35; 3.14; -3.51052e-07
20.35; 3.14; -3.47633e-07
20.4; 3.14; -3.77684e-07
20.4; 3.14; -3.77577e-07
20.45; 3.14; -4.04206e-07
20.45; 3.14; -4.011e-07
20.5; 3.14; -4.24931e-07
20.5; 3.14; -4.24826e-07
20.55; 3.14; -4.45548e-07
20.55; 3.14; -4.42744e-07
20.6; 3.14; -4.60959e-07
20.6; 3.14; -4.60858e-07
20.65; 3.14; -4.76265e-07
20.65; 3.14; -4.73753e-07
20.7; 3.14; -4.86933e-07
20.7; 3.14; -4.86836e-07
20.75; 3.14; -4.975e-07
20.75; 3.14; -4.95266e-07
20.8; 3.14; -5.03967e-07
20.8; 3.14; -5.03874e-07
20.85; 3.14; -5.10337e-07
20.85; 3.14; -5.08367e-07
20.9; 3.14; -5.13117e-07
20.9; 3.14; -5.13029e-07
20.95; 3.14; -5.15804e-07
20.95; 3.14; -5.14083e-07
21; 3.14; -5.15379e-07
21; 3.14; -5.15296e-07
21.05; 3.14; -5.14865e-07
21.05; 3.14; -5.13378e-07
21.1; 3.14; -5.11685e-07
21.1; 3.14; -5.11607e-07
21.15; 3.14; -5.08421e-07
21.15; 3.14; -5.07151e-07
21.2; 3.14; -5.02904e-07
21.2; 3.14; -5.02832e-07
21.25; 3.14; -4.97309e-07
21.25; 3.14; -4.96239e-07
21.3; 3.14; -4.89839e-07
21.3; 3.14; -4.89772e-07
21.35; 3.14; -4.82298e-07
21.35; 3.14; -4.81413e-07
21.4; 3.14; -4.73229e-07
21.4; 3.14; -4.73168e-07
21.45; 3.14; -4.64094e-07
21.45; 3.14; -4.63378e-07
21.5; 3.14; -4.53749e-07
21.5; 3.14; -4.53692e-07
21.55; 3.14; -4.43342e-07
21.55; 3.14; -4.42778e-07
21.6; 3.14; -4.32009e-07
21.6; 3.14; -4.31958e-07
21.65; 3.14; -4.20621e-07
21.65; 3.14; -4.20196e-07
21.7; 3.14; -4.08564e-07
21.7; 3.14; -4.08518e-07
21.75; 3.14; -3.96456e-07
21.75; 3.14; -3.96154e-07
21.8; 3.14; -3.83906e-07
21.8; 3.14; -3.83865e-07
21.85; 3.14; -3.7131e-07
21.85; 3.14; -3.71117e-07
21.9; 3.14; -3.58473e-07
21.9; 3.14; -3.58437e-07
21.95; 3.14; -3.45596e-07
21.95; 3.14; -3.455e-07
22; 3.14; -3.32653e-07
22; 3.14; -3.3262e-07
22.05; 3.14; -3.19673e-07
22.05; 3.14; -3.19661e-07
22.1; 3.14; -3.0678e-07
22.1; 3.14; -3.06752e-07
22.15; 3.14; -2.93856e-07
22.15; 3.14; -2.93916e-07
22.2; 3.14; -2.81147e-07
22.2; 3.14; -2.81123e-07
22.25; 3.14; -2.6841e-07
22.25; 3.14; -2.68533e-07
22.3; 3.14; -2.55999e-07
22.3; 3.14; -2.55979e-07
22.35; 3.14; -2.43565e-07
22.35; 3.14; -2.43739e-07
22.4; 3.14; -2.31546e-07
22.4; 3.14; -2.31529e-07
22.45; 3.14; -2.19507e-07
22.45; 3.14; -2.19724e-07
22.5; 3.14; -2.07957e-07
22.5; 3.14; -2.07943e-07
22.55; 3.14; -1.96391e-07
22.55; 3.14; -1.96642e-07
22.6; 3.14; -1.85372e-07
22.6; 3.14; -1.8536e-07
22.65; 3.14; -1.74339e-07
22.65; 3.14; -1.74617e-07
22.7; 3.14; -1.63897e-07
22.7; 3.14; -1.63888e-07
22.75; 3.14; -1.53444e-07
22.75; 3.14; -1.53742e-07
22.8; 3.14; -1.43613e-07
22.8; 3.14; -1.43606e-07
22.85; 3.14; -1.33774e-07
22.85; 3.14; -1.34086e-07
22.9; 3.14; -1.24577e-07
22.9; 3.14; -1.24573e-07
22.95; 3.14; -1.15374e-07
22.95; 3.14; -1.15695e-07
23; 3.14; -1.06824e-07
23; 3.14; -1.06821e-07
23.05; 3.14; -9.82698e-08
23.05; 3.14; -9.85947e-08
23.1; 3.14; -9.03698e-08
23.1; 3.14; -9.03685e-08
23.15; 3.14; -8.24673e-08
23.15; 3.14; -8.27921e-08
23.2; 3.14; -7.52136e-08
23.2; 3.14; -7.52137e-08
23.25; 3.14; -6.79589e-08
23.25; 3.14; -6.82801e-08
23.3; 3.14; -6.13411e-08
23.3; 3.14; -6.13424e-08
23.35; 3.14; -5.47236e-08
23.35; 3.14; -5.5038e-08
23.4; 3.14; -4.87257e-08
23.4; 3.14; -4.87279e-08
23.45; 3.14; -4.27292e-08
23.45; 3.14; -4.30344e-08
23.5; 3.14; -3.73306e-08
23.5; 3.14; -3.73337e-08
23.55; 3.14; -3.19344e-08
23.55; 3.14; -3.22284e-08
23.6; 3.14; -2.7111e-08
23.6; 3.14; -2.71147e-08
23.65; 3.14; -2.22908e-08
23.65; 3.14; -2.25718e-08
23.7; 3.14; -1.80153e-08
23.7; 3.14; -1.80196e-08
23.75; 3.14; -1.37437e-08
23.75; 3.14; -1.40106e-08
23.8; 3.14; -9.98682e-09
23.8; 3.14; -9.99157e-09
23.85; 3.14; -6.23438e-09
23.85; 3.14; -6.48609e-09
23.9; 3.14; -2.96511e-09
23.9; 3.14; -2.97017e-09
23.95; 3.14; 2.99296e-10
23.95; 3.14; 6.33759e-11
24; 3.14; 3.11295e-09
24; 3.14; 3.10767e-09
24.05; 3.14; 5.92143e-09
24.05; 3.14; 5.70169e-09
24.1; 3.14; 8.31201e-09
24.1; 3.14; 8.3066e-09
24.15; 3.14; 1.06972e-08
24.15; 3.14; 1.04938e-08
24.2; 3.14; 1.26973e-08
24.2; 3.14; 1.26919e-08
24.25; 3.14; 1.4692e-08
24.25; 3.14; 1.45049e-08
24.3; 3.14; 1.63341e-08
24.3; 3.14; 1.63287e-08
24.35; 3.14; 1.79707e-08
24.35; 3.14; 1.77996e-08
24.4; 3.14; 1.92865e-08
24.4; 3.14; 1.92811e-08
24.45; 3.14; 2.05968e-08
24.45; 3.14; 2.04415e-08
24.5; 3.14; 2.16174e-08
24.5; 3.14; 2.16121e-08
24.55; 3.14; 2.26325e-08
24.55; 3.14; 2.24924e-08
24.6; 3.14; 2.33876e-08
24.6; 3.14; 2.33826e-08
24.65; 3.14; 2.41375e-08
24.65; 3.14; 2.4012e-08
24.7; 3.14; 2.46558e-08
24.7; 3.14; 2.46509e-08
24.75; 3.14; 2.5169e-08
24.75; 3.14; 2.50576e-08
24.8; 3.14; 2.54778e-08
24.8; 3.14; 2.54732e-08
24.85; 3.14; 2.57817e-08
24.85; 3.14; 2.56835e-08
24.9; 3.14; 2.59067e-08
24.9; 3.14; 2.59023e-08
24.95; 3.14; 2.6027e-08
24.95; 3.14; 2.59413e-08
25; 3.14; 2.59924e-08
25; 3.14; 2.59883e-08
25.05; 3.14; 2.59534e-08
25.05; 3.14; 2.58793e-08
25.1; 3.14; 2.57817e-08
25.1; 3.14; 2.57778e-08
25.15; 3.14; 2.56059e-08
25.15; 3.14; 2.55427e-08
25.2; 3.14; 2.53181e-08
25.2; 3.14; 2.53145e-08
25.25; 3.14; 2.50264e-08
25.25; 3.14; 2.49733e-08
25.3; 3.14; 2.46418e-08
25.3; 3.14; 2.46385e-08
25.35; 3.14; 2.42536e-08
25.35; 3.14; 2.42097e-08
25.4; 3.14; 2.37898e-08
25.4; 3.14; 2.37868e-08
25.45; 3.14; 2.33227e-08
25.45; 3.14; 2.32873e-08
25.5; 3.14; 2.27959e-08
25.5; 3.14; 2.27931e-08
25.55; 3.14; 2.2266e-08
25.55; 3.14; 2.22382e-08
25.6; 3.14; 2.16906e-08
25.6; 3.14; 2.16881e-08
25.65; 3.14; 2.11125e-08
25.65; 3.14; 2.10916e-08
25.7; 3.14; 2.05016e-08
25.7; 3.14; 2.04993e-08
25.75; 3.14; 1.98882e-08
25.75; 3.14; 1.98735e-08
25.8; 3.14; 1.92534e-08
25.8; 3.14; 1.92514e-08
25.85; 3.14; 1.86164e-08
25.85; 3.14; 1.86072e-08
25.9; 3.14; 1.79681e-08
25.9; 3.14; 1.79662e-08
25.95; 3.14; 1.73177e-08
25.95; 3.14; 1.73132e-08
26; 3.14; 1.66647e-08
26; 3.14; 1.66631e-08
26.05; 3.14; 1.60099e-08
26.05; 3.14; 1.60097e-08
26.1; 3.14; 1.53601e-08
26.1; 3.14; 1.53587e-08
26.15; 3.14; 1.47087e-08
26.15; 3.14; 1.47121e-08
26.2; 3.14; 1.40688e-08
26.2; 3.14; 1.40676e-08
26.25; 3.14; 1.34274e-08
26.25; 3.14; 1.34339e-08
26.3; 3.14; 1.2803e-08
26.3; 3.14; 1.28019e-08
26.35; 3.14; 1.21773e-08
26.35; 3.14; 1.21863e-08
26.4; 3.14; 1.1573e-08
26.4; 3.14; 1.15721e-08
26.45; 3.14; 1.09676e-08
26.45; 3.14; 1.09788e-08
26.5; 3.14; 1.03873e-08
26.5; 3.14; 1.03866e-08
26.55; 3.14; 9.80611e-09
26.55; 3.14; 9.81892e-09
26.6; 3.14; 9.25276e-09
26.6; 3.14; 9.25219e-09
26.65; 3.14; 8.69871e-09
26.65; 3.14; 8.71285e-09
26.7; 3.14; 8.17465e-09
26.7; 3.14; 8.17421e-09
26.75; 3.14; 7.65004e-09
26.75; 3.14; 7.66516e-09
26.8; 3.14; 7.15694e-09
26.8; 3.14; 7.15662e-09
26.85; 3.14; 6.66342e-09
26.85; 3.14; 6.67922e-09
26.9; 3.14; 6.20237e-09
26.9; 3.14; 6.20215e-09
26.95; 3.14; 5.74102e-09
26.95; 3.14; 5.75724e-09
27; 3.14; 5.31262e-09
27; 3.14; 5.31248e-09
27.05; 3.14; 4.884e-09
27.05; 3.14; 4.9004e-09
27.1; 3.14; 4.4884e-09
27.1; 3.14; 4.48834e-09
27.15; 3.14; 4.09266e-09
27.15; 3.14; 4.10904e-09
27.2; 3.14; 3.72963e-09
27.2; 3.14; 3.72963e-09
27.25; 3.14; 3.36654e-09
27.25; 3.14; 3.38271e-09
27.3; 3.14; 3.03551e-09
27.3; 3.14; 3.03558e-09
27.35; 3.14; 2.70451e-09
27.35; 3.14; 2.72033e-09
27.4; 3.14; 2.40466e-09
27.4; 3.14; 2.40478e-09
27.45; 3.14; 2.1049e-09
27.45; 3.14; 2.12025e-09
27.5; 3.14; 1.83519e-09
27.5; 3.14; 1.83535e-09
27.55; 3.14; 1.56561e-09
27.55; 3.14; 1.58038e-09
27.6; 3.14; 1.3248e-09
27.6; 3.14; 1.32499e-09
27.65; 3.14; 1.08415e-09
27.65; 3.14; 1.09827e-09
27.7; 3.14; 8.70853e-10
27.7; 3.14; 8.71074e-10
27.75; 3.14; 6.57756e-10
27.75; 3.14; 6.71151e-10
27.8; 3.14; 4.70482e-10
27.8; 3.14; 4.70723e-10
27.85; 3.14; 2.83435e-10
27.85; 3.14; 2.96063e-10
27.9; 3.14; 1.20618e-10
27.9; 3.14; 1.20874e-10
27.95; 3.14; -4.19526e-11
27.95; 3.14; -3.01235e-11
28; 3.14; -1.81931e-10
28; 3.14; -1.81664e-10
28.05; 3.14; -3.21648e-10
28.05; 3.14; -3.10636e-10
28.1; 3.14; -4.40431e-10
28.1; 3.14; -4.40158e-10
28.15; 3.14; -5.58942e-10
28.15; 3.14; -5.48754e-10
28.2; 3.14; -6.58175e-10
28.2; 3.14; -6.57899e-10
28.25; 3.14; -7.57131e-10
28.25; 3.14; -7.47764e-10
28.3; 3.14; -8.38445e-10
28.3; 3.14; -8.38171e-10
28.35; 3.14; -9.19482e-10
28.35; 3.14; -9.10925e-10
28.4; 3.14; -9.84479e-10
28.4; 3.14; -9.84209e-10
28.45; 3.14; -1.0492e-09
28.45; 3.14; -1.04143e-09
28.5; 3.14; -1.09944e-09
28.5; 3.14; -1.09917e-09
28.55; 3.14; -1.1494e-09
28.55; 3.14; -1.1424e-09
28.6; 3.14; -1.18638e-09
28.6; 3.14; -1.18612e-09
28.65; 3.14; -1.22309e-09
28.65; 3.14; -1.21683e-09
28.7; 3.14; -1.24825e-09
28.7; 3.14; -1.24801e-09
28.75; 3.14; -1.27315e-09
28.75; 3.14; -1.26759e-09
28.8; 3.14; -1.28786e-09
28.8; 3.14; -1.28763e-09
28.85; 3.14; -1.30232e-09
28.85; 3.14; -1.29742e-09
28.9; 3.14; -1.30787e-09
28.9; 3.14; -1.30764e-09
28.95; 3.14; -1.31318e-09
28.95; 3.14; -1.30891e-09
29; 3.14; -1.31078e-09
29; 3.14; -1.31057e-09
29.05; 3.14; -1.30815e-09
29.05; 3.14; -1.30447e-09
29.1; 3.14; -1.29893e-09
29.1; 3.14; -1.29874e-09
29.15; 3.14; -1.28951e-09
29.15; 3.14; -1.28637e-09
29.2; 3.14; -1.27452e-09
29.2; 3.14; -1.27434e-09
29.25; 3.14; -1.25934e-09
29.25; 3.14; -1.2567e-09
29.3; 3.14; -1.23955e-09
29.3; 3.14; -1.23938e-09
29.35; 3.14; -1.21958e-09
29.35; 3.14; -1.21741e-09
29.4; 3.14; -1.19588e-09
29.4; 3.14; -1.19572e-09
29.45; 3.14; -1.172e-09
29.45; 3.14; -1.17025e-09
29.5; 3.14; -1.14518e-09
29.5; 3.14; -1.14504e-09
29.55; 3.14; -1.11821e-09
29.55; 3.14; -1.11684e-09
29.6; 3.14; -1.089e-09
29.6; 3.14; -1.08887e-09
29.65; 3.14; -1.05965e-09
29.65; 3.14; -1.05863e-09
29.7; 3.14; -1.02871e-09
29.7; 3.14; -1.0286e-09
29.75; 3.14; -9.97641e-10
29.75; 3.14; -9.96924e-10
29.8; 3.14; -9.65542e-10
29.8; 3.14; -9.6544e-10
29.85; 3.14; -9.33329e-10
29.85; 3.14; -9.32885e-10
29.9; 3.14; -9.00586e-10
29.9; 3.14; -9.00495e-10
29.95; 3.14; -8.67741e-10
29.95; 3.14; -8.67537e-10
30; 3.14; -8.34803e-10
30; 3.14; -8.34723e-10
30.05; 3.14; -8.01774e-10
30.05; 3.14; -8.01778e-10
30.1; 3.14; -7.69026e-10
30.1; 3.14; -7.68957e-10
30.15; 3.14; -7.362e-10
30.15; 3.14; -7.36384e-10
30.2; 3.14; -7.03977e-10
30.2; 3.14; -7.03917e-10
30.25; 3.14; -6.71685e-10
30.25; 3.14; -6.72021e-10
30.3; 3.14; -6.40265e-10
30.3; 3.14; -6.40214e-10
30.35; 3.14; -6.08786e-10
30.35; 3.14; -6.0925e-10
30.4; 3.14; -5.78401e-10
30.4; 3.14; -5.78359e-10
30.45; 3.14; -5.47967e-10
30.45; 3.14; -5.48536e-10
30.5; 3.14; -5.18807e-10
30.5; 3.14; -5.18772e-10
30.55; 3.14; -4.89605e-10
30.55; 3.14; -4.90258e-10
30.6; 3.14; -4.61819e-10
30.6; 3.14; -4.61791e-10
30.65; 3.14; -4.33998e-10
30.65; 3.14; -4.34716e-10
30.7; 3.14; -4.07697e-10
30.7; 3.14; -4.07676e-10
30.75; 3.14; -3.8137e-10
30.75; 3.14; -3.82136e-10
30.8; 3.14; -3.56637e-10
30.8; 3.14; -3.56621e-10
30.85; 3.14; -3.31884e-10
30.85; 3.14; -3.32684e-10
30.9; 3.14; -3.08772e-10
30.9; 3.14; -3.08761e-10
30.95; 3.14; -2.85644e-10
30.95; 3.14; -2.86464e-10
31; 3.14; -2.64181e-10
31; 3.14; -2.64174e-10
31.05; 3.14; -2.42706e-10
31.05; 3.14; -2.43534e-10
31.1; 3.14; -2.22897e-10
31.1; 3.14; -2.22894e-10
31.15; 3.14; -2.03081e-10
31.15; 3.14; -2.03906e-10
31.2; 3.14; -1.84912e-10
31.2; 3.14; -1.84913e-10
31.25; 3.14; -1.66741e-10
31.25; 3.14; -1.67555e-10
31.3; 3.14; -1.50183e-10
31.3; 3.14; -1.50187e-10
31.35; 3.14; -1.33627e-10
31.35; 3.14; -1.34424e-10
31.4; 3.14; -1.18639e-10
31.4; 3.14; -1.18645e-10
31.45; 3.14; -1.03655e-10
31.45; 3.14; -1.04427e-10
31.5; 3.14; -9.01811e-11
31.5; 3.14; -9.01893e-11
31.55; 3.14; -7.67141e-11
31.55; 3.14; -7.74566e-11
31.6; 3.14; -6.46922e-11
31.6; 3.14; -6.47021e-11
31.65; 3.14; -5.26789e-11
31.65; 3.14; -5.33878e-11
31.7; 3.14; -4.20384e-11
31.7; 3.14; -4.20496e-11
31.75; 3.14; -3.14083e-11
31.75; 3.14; -3.20806e-11
31.8; 3.14; -2.20737e-11
31.8; 3.14; -2.2086e-11
31.85; 3.14; -1.27508e-11
31.85; 3.14; -1.33842e-11
31.9; 3.14; -4.64276e-12
31.9; 3.14; -4.65576e-12
31.95; 3.14; 3.45268e-12
31.95; 3.14; 2.85959e-12
32; 3.14; 1.04159e-11
32; 3.14; 1.04024e-11
32.05; 3.14; 1.73658e-11
32.05; 3.14; 1.6814e-11
32.1; 3.14; 2.32672e-11
32.1; 3.14; 2.32534e-11
32.15; 3.14; 2.91548e-11
32.15; 3.14; 2.86446e-11
32.2; 3.14; 3.40773e-11
32.2; 3.14; 3.40634e-11
32.25; 3.14; 3.89859e-11
32.25; 3.14; 3.8517e-11
32.3; 3.14; 4.30118e-11
32.3; 3.14; 4.29979e-11
32.35; 3.14; 4.70236e-11
32.35; 3.14; 4.65955e-11
32.4; 3.14; 5.02334e-11
32.4; 3.14; 5.02198e-11
32.45; 3.14; 5.34292e-11
32.45; 3.14; 5.3041e-11
32.5; 3.14; 5.59013e-11
32.5; 3.14; 5.5888e-11
32.55; 3.14; 5.83596e-11
32.55; 3.14; 5.80098e-11
32.6; 3.14; 6.01694e-11
32.6; 3.14; 6.01566e-11
32.65; 3.14; 6.19659e-11
32.65; 3.14; 6.16531e-11
32.7; 3.14; 6.31857e-11
32.7; 3.14; 6.31734e-11
32.75; 3.14; 6.43926e-11
32.75; 3.14; 6.4115e-11
32.8; 3.14; 6.50911e-11
32.8; 3.14; 6.50793e-11
32.85; 3.14; 6.57771e-11
32.85; 3.14; 6.5533e-11
32.9; 3.14; 6.60191e-11
32.9; 3.14; 6.60079e-11
32.95; 3.14; 6.62492e-11
32.95; 3.14; 6.60365e-11
33; 3.14; 6.60955e-11
33; 3.14; 6.6085e-11
33.05; 3.14; 6.59306e-11
33.05; 3.14; 6.57472e-11
33.1; 3.14; 6.54379e-11
33.1; 3.14; 6.54281e-11
33.15; 3.14; 6.49346e-11
33.15; 3.14; 6.47786e-11
33.2; 3.14; 6.41554e-11
33.2; 3.14; 6.41463e-11
33.25; 3.14; 6.33663e-11
33.25; 3.14; 6.32355e-11
33.3; 3.14; 6.2349e-11
33.3; 3.14; 6.23406e-11
33.35; 3.14; 6.13225e-11
33.35; 3.14; 6.12149e-11
33.4; 3.14; 6.01113e-11
33.4; 3.14; 6.01035e-11
33.45; 3.14; 5.88916e-11
33.45; 3.14; 5.88051e-11
33.5; 3.14; 5.75266e-11
33.5; 3.14; 5.75196e-11
33.55; 3.14; 5.6154e-11
33.55; 3.14; 5.60866e-11
33.6; 3.14; 5.46717e-11
33.6; 3.14; 5.46653e-11
33.65; 3.14; 5.31824e-11
33.65; 3.14; 5.31322e-11
33.7; 3.14; 5.16152e-11
33.7; 3.14; 5.16095e-11
33.75; 3.14; 5.00418e-11
33.75; 3.14; 5.00069e-11
33.8; 3.14; 4.84187e-11
33.8; 3.14; 4.84136e-11
33.85; 3.14; 4.679e-11
33.85; 3.14; 4.67687e-11
33.9; 3.14; 4.51366e-11
33.9; 3.14; 4.5132e-11
33.95; 3.14; 4.34781e-11
33.95; 3.14; 4.34688e-11
34; 3.14; 4.18167e-11
34; 3.14; 4.18127e-11
34.05; 3.14; 4.01507e-11
34.05; 3.14; 4.01518e-11
34.1; 3.14; 3.85006e-11
34.1; 3.14; 3.84971e-11
34.15; 3.14; 3.68465e-11
34.15; 3.14; 3.68565e-11
34.2; 3.14; 3.5224e-11
34.2; 3.14; 3.52211e-11
34.25; 3.14; 3.35982e-11
34.25; 3.14; 3.36158e-11
34.3; 3.14; 3.20175e-11
34.3; 3.14; 3.20149e-11
34.35; 3.14; 3.04337e-11
34.35; 3.14; 3.04577e-11
34.4; 3.14; 2.89061e-11
34.4; 3.14; 2.8904e-11
34.45; 3.14; 2.73761e-11
34.45; 3.14; 2.74052e-11
34.5; 3.14; 2.5911e-11
34.5; 3.14; 2.59092e-11
34.55; 3.14; 2.44438e-11
34.55; 3.14; 2.44771e-11
34.6; 3.14; 2.30486e-11
34.6; 3.14; 2.30472e-11
34.65; 3.14; 2.16516e-11
34.65; 3.14; 2.16881e-11
34.7; 3.14; 2.03318e-11
34.7; 3.14; 2.03307e-11
34.75; 3.14; 1.90106e-11
34.75; 3.14; 1.90495e-11
34.8; 3.14; 1.77702e-11
34.8; 3.14; 1.77694e-11
34.85; 3.14; 1.65287e-11
34.85; 3.14; 1.65691e-11
34.9; 3.14; 1.53701e-11
34.9; 3.14; 1.53696e-11
34.95; 3.14; 1.42108e-11
34.95; 3.14; 1.42522e-11
35; 3.14; 1.31355e-11
35; 3.14; 1.31352e-11
35.05; 3.14; 1.20597e-11
35.05; 3.14; 1.21014e-11
35.1; 3.14; 1.10677e-11
35.1; 3.14; 1.10676e-11
35.15; 3.14; 1.00755e-11
35.15; 3.14; 1.01171e-11
35.2; 3.14; 9.16629e-12
35.2; 3.14; 9.16633e-12
35.25; 3.14; 8.25693e-12
35.25; 3.14; 8.29796e-12
35.3; 3.14; 7.4288e-12
35.3; 3.14; 7.429e-12
35.35; 3.14; 6.60078e-12
35.35; 3.14; 6.64086e-12
35.4; 3.14; 5.85159e-12
35.4; 3.14; 5.85192e-12
35.45; 3.14; 5.10264e-12
35.45; 3.14; 5.14145e-12
35.5; 3.14; 4.42957e-12
35.5; 3.14; 4.43001e-12
35.55; 3.14; 3.75689e-12
35.55; 3.14; 3.79419e-12
35.6; 3.14; 3.15677e-12
35.6; 3.14; 3.15728e-12
35.65; 3.14; 2.55709e-12
35.65; 3.14; 2.5927e-12
35.7; 3.14; 2.02631e-12
35.7; 3.14; 2.02689e-12
35.75; 3.14; 1.49608e-12
35.75; 3.14; 1.52983e-12
35.8; 3.14; 1.03086e-12
35.8; 3.14; 1.03148e-12
35.85; 3.14; 5.66201e-13
35.85; 3.14; 5.97983e-13
35.9; 3.14; 1.62455e-13
35.9; 3.14; 1.63123e-13
35.95; 3.14; -2.40626e-13
35.95; 3.14; -2.10882e-13
36; 3.14; -5.86981e-13
36; 3.14; -5.86291e-13
36.05; 3.14; -9.32646e-13
36.05; 3.14; -9.04997e-13
36.1; 3.14; -1.2258e-12
36.1; 3.14; -1.2251e-12
36.15; 3.14; -1.51825e-12
36.15; 3.14; -1.4927e-12
36.2; 3.14; -1.76239e-12
36.2; 3.14; -1.76169e-12
36.25; 3.14; -2.00583e-12
36.25; 3.14; -1.98238e-12
36.3; 3.14; -2.2051e-12
36.3; 3.14; -2.20442e-12
36.35; 3.14; -2.4037e-12
36.35; 3.14; -2.38229e-12
36.4; 3.14; -2.56215e-12
36.4; 3.14; -2.56149e-12
36.45; 3.14; -2.71995e-12
36.45; 3.14; -2.70054e-12
36.5; 3.14; -2.84156e-12
36.5; 3.14; -2.84089e-12
36.55; 3.14; -2.96246e-12
36.55; 3.14; -2.94498e-12
36.6; 3.14; -3.05096e-12
36.6; 3.14; -3.05033e-12
36.65; 3.14; -3.13881e-12
36.65; 3.14; -3.1232e-12
36.7; 3.14; -3.19788e-12
36.7; 3.14; -3.19726e-12
36.75; 3.14; -3.25628e-12
36.75; 3.14; -3.24243e-12
36.8; 3.14; -3.28931e-12
36.8; 3.14; -3.28873e-12
36.85; 3.14; -3.32175e-12
36.85; 3.14; -3.30959e-12
36.9; 3.14; -3.33206e-12
36.9; 3.14; -3.33151e-12
36.95; 3.14; -3.34179e-12
36.95; 3.14; -3.3312e-12
37; 3.14; -3.33242e-12
37; 3.14; -3.33189e-12
37.05; 3.14; -3.32247e-12
37.05; 3.14; -3.31335e-12
37.1; 3.14; -3.29623e-12
37.1; 3.14; -3.29574e-12
37.15; 3.14; -3.26946e-12
37.15; 3.14; -3.26171e-12
37.2; 3.14; -3.229e-12
37.2; 3.14; -3.22854e-12
37.25; 3.14; -3.18804e-12
37.25; 3.14; -3.18154e-12
37.3; 3.14; -3.13577e-12
37.3; 3.14; -3.13534e-12
37.35; 3.14; -3.08303e-12
37.35; 3.14; -3.0777e-12
37.4; 3.14; -3.02117e-12
37.4; 3.14; -3.02078e-12
37.45; 3.14; -2.9589e-12
37.45; 3.14; -2.95462e-12
37.5; 3.14; -2.88947e-12
37.5; 3.14; -2.88911e-12
37.55; 3.14; -2.81963e-12
37.55; 3.14; -2.81632e-12
37.6; 3.14; -2.74444e-12
37.6; 3.14; -2.74412e-12
37.65; 3.14; -2.66888e-12
37.65; 3.14; -2.66642e-12
37.7; 3.14; -2.58956e-12
37.7; 3.14; -2.58926e-12
37.75; 3.14; -2.50987e-12
37.75; 3.14; -2.50817e-12
37.8; 3.14; -2.4278e-12
37.8; 3.14; -2.42755e-12
37.85; 3.14; -2.34546e-12
37.85; 3.14; -2.34445e-12
37.9; 3.14; -2.26198e-12
37.9; 3.14; -2.26176e-12
37.95; 3.14; -2.17825e-12
37.95; 3.14; -2.17782e-12
38; 3.14; -2.09447e-12
38; 3.14; -2.09426e-12
38.05; 3.14; -2.01046e-12
38.05; 3.14; -2.01055e-12
38.1; 3.14; -1.92734e-12
38.1; 3.14; -1.92715e-12
38.15; 3.14; -1.84398e-12
38.15; 3.14; -1.84452e-12
38.2; 3.14; -1.76229e-12
38.2; 3.14; -1.76216e-12
38.25; 3.14; -1.68047e-12
38.25; 3.14; -1.68139e-12
38.3; 3.14; -1.60096e-12
38.3; 3.14; -1.60084e-12
38.35; 3.14; -1.52129e-12
38.35; 3.14; -1.52253e-12
38.4; 3.14; -1.44451e-12
38.4; 3.14; -1.4444e-12
38.45; 3.14; -1.36758e-12
38.45; 3.14; -1.36906e-12
38.5; 3.14; -1.29397e-12
38.5; 3.14; -1.29388e-12
38.55; 3.14; -1.22025e-12
38.55; 3.14; -1.22194e-12
38.6; 3.14; -1.15022e-12
38.6; 3.14; -1.15013e-12
38.65; 3.14; -1.08007e-12
38.65; 3.14; -1.08193e-12
38.7; 3.14; -1.01381e-12
38.7; 3.14; -1.01378e-12
38.75; 3.14; -9.47552e-13
38.75; 3.14; -9.49522e-13
38.8; 3.14; -8.85334e-13
38.8; 3.14; -8.85309e-13
38.85; 3.14; -8.23088e-13
38.85; 3.14; -8.25125e-13
38.9; 3.14; -7.65003e-13
38.9; 3.14; -7.64981e-13
38.95; 3.14; -7.06893e-13
38.95; 3.14; -7.08988e-13
39; 3.14; -6.52996e-13
39; 3.14; -6.52995e-13
39.05; 3.14; -5.99124e-13
39.05; 3.14; -6.01217e-13
39.1; 3.14; -5.49492e-13
39.1; 3.14; -5.49464e-13
39.15; 3.14; -4.99804e-13
39.15; 3.14; -5.01897e-13
39.2; 3.14; -4.54331e-13
39.2; 3.14; -4.54321e-13
39.25; 3.14; -4.08822e-13
39.25; 3.14; -4.10891e-13
39.3; 3.14; -3.67413e-13
39.3; 3.14; -3.67422e-13
39.35; 3.14; -3.26016e-13
39.35; 3.14; -3.28041e-13
39.4; 3.14; -2.88566e-13
39.4; 3.14; -2.886e-13
39.45; 3.14; -2.51154e-13
39.45; 3.14; -2.53119e-13
39.5; 3.14; -2.17553e-13
39.5; 3.14; -2.17575e-13
39.55; 3.14; -1.83952e-13
39.55; 3.14; -1.85839e-13
39.6; 3.14; -1.53979e-13
39.6; 3.14; -1.54024e-13
39.65; 3.14; -1.24056e-13
39.65; 3.14; -1.25854e-13
39.7; 3.14; -9.75724e-14
39.7; 3.14; -9.76124e-14
39.75; 3.14; -7.11337e-14
39.75; 3.14; -7.28272e-14
39.8; 3.14; -4.79456e-14
39.8; 3.14; -4.79801e-14
39.85; 3.14; -2.47966e-14
39.85; 3.14; -2.64006e-14
39.9; 3.14; -4.68588e-15
39.9; 3.14; -4.73436e-15
39.95; 3.14; 1.53699e-14
39.95; 3.14; 1.38915e-14
40; 3.14; 3.25815e-14
40; 3.14; 3.25672e-14
40.05; 3.14; 4.98013e-14
40.05; 3.14; 4.84068e-14
40.1; 3.14; 6.43503e-14
40.1; 3.14; 6.43218e-14
40.15; 3.14; 7.88913e-14
40.15; 3.14; 7.76176e-14
40.2; 3.14; 9.09992e-14
40.2; 3.14; 9.09772e-14
40.25; 3.14; 1.0308e-13
40.25; 3.14; 1.01913e-13
40.3; 3.14; 1.12918e-13
40.3; 3.14; 1.12902e-13
40.35; 3.14; 1.22762e-13
40.35; 3.14; 1.21683e-13
40.4; 3.14; 1.30574e-13
40.4; 3.14; 1.30544e-13
40.45; 3.14; 1.38376e-13
40.45; 3.14; 1.37397e-13
40.5; 3.14; 1.44345e-13
40.5; 3.14; 1.4432e-13
40.55; 3.14; 1.50309e-13
40.55; 3.14; 1.49442e-13
40.6; 3.14; 1.54641e-13
40.6; 3.14; 1.54614e-13
40.65; 3.14; 1.58942e-13
40.65; 3.14; 1.58173e-13
40.7; 3.14; 1.61795e-13
40.7; 3.14; 1.61772e-13
40.75; 3.14; 1.64622e-13
40.75; 3.14; 1.63937e-13
40.8; 3.14; 1.66153e-13
40.8; 3.14; 1.66143e-13
40.85; 3.14; 1.67697e-13
40.85; 3.14; 1.67083e-13
40.9; 3.14; 1.68114e-13
40.9; 3.14; 1.68082e-13
40.95; 3.14; 1.68495e-13
40.95; 3.14; 1.67966e-13
41; 3.14; 1.6793e-13
41; 3.14; 1.67901e-13
41.05; 3.14; 1.67333e-13
41.05; 3.14; 1.66878e-13
41.1; 3.14; 1.65922e-13
41.1; 3.14; 1.65897e-13
41.15; 3.14; 1.64483e-13
41.15; 3.14; 1.64091e-13
41.2; 3.14; 1.62344e-13
41.2; 3.14; 1.62332e-13
41.25; 3.14; 1.60215e-13
41.25; 3.14; 1.59902e-13
41.3; 3.14; 1.5752e-13
41.3; 3.14; 1.57503e-13
41.35; 3.14; 1.54805e-13
41.35; 3.14; 1.54535e-13
41.4; 3.14; 1.5166e-13
41.4; 3.14; 1.51618e-13
41.45; 3.14; 1.48444e-13
41.45; 3.14; 1.48236e-13
41.5; 3.14; 1.44885e-13
41.5; 3.14; 1.44883e-13
41.55; 3.14; 1.41348e-13
41.55; 3.14; 1.41194e-13
41.6; 3.14; 1.37527e-13
41.6; 3.14; 1.37519e-13
41.65; 3.14; 1.33697e-13
41.65; 3.14; 1.3359e-13
41.7; 3.14; 1.29678e-13
41.7; 3.14; 1.29672e-13
41.75; 3.14; 1.25652e-13
41.75; 3.14; 1.2556e-13
41.8; 3.14; 1.21513e-13
41.8; 3.14; 1.2149e-13
41.85; 3.14; 1.17348e-13
41.85; 3.14; 1.17291e-13
41.9; 3.14; 1.13154e-13
41.9; 3.14; 1.13132e-13
41.95; 3.14; 1.08935e-13
41.95; 3.14; 1.08909e-13
42; 3.14; 1.04742e-13
42; 3.14; 1.04713e-13
42.05; 3.14; 1.00491e-13
42.05; 3.14; 1.00493e-13
42.1; 3.14; 9.63247e-14
42.1; 3.14; 9.62973e-14
42.15; 3.14; 9.21029e-14
42.15; 3.14; 9.21286e-14
42.2; 3.14; 8.80085e-14
42.2; 3.14; 8.79824e-14
42.25; 3.14; 8.38602e-14
42.25; 3.14; 8.39067e-14
42.3; 3.14; 7.98765e-14
42.3; 3.14; 7.98515e-14
42.35; 3.14; 7.58401e-14
42.35; 3.14; 7.59046e-14
42.4; 3.14; 7.1948e-14
42.4; 3.14; 7.19602e-14
42.45; 3.14; 6.80941e-14
42.45; 3.14; 6.81738e-14
42.5; 3.14; 6.43756e-14
42.5; 3.14; 6.43886e-14
42.55; 3.14; 6.06962e-14
42.55; 3.14; 6.07892e-14
42.6; 3.14; 5.71759e-14
42.6; 3.14; 5.71808e-14
42.65; 3.14; 5.36612e-14
42.65; 3.14; 5.37674e-14
42.7; 3.14; 5.03381e-14
42.7; 3.14; 5.03438e-14
42.75; 3.14; 4.70214e-14
42.75; 3.14; 4.71129e-14
42.8; 3.14; 4.39208e-14
42.8; 3.14; 4.38982e-14
42.85; 3.14; 4.07701e-14
42.85; 3.14; 4.08732e-14
42.9; 3.14; 3.78328e-14
42.9; 3.14; 3.78471e-14
42.95; 3.14; 3.49361e-14
42.95; 3.14; 3.50492e-14
43; 3.14; 3.22344e-14
43; 3.14; 3.22404e-14
43.05; 3.14; 2.95395e-14
43.05; 3.14; 2.96369e-14
43.1; 3.14; 2.70711e-14
43.1; 3.14; 2.70488e-14
43.15; 3.14; 2.45531e-14
43.15; 3.14; 2.46613e-14
43.2; 3.14; 2.22575e-14
43.2; 3.14; 2.22633e-14
43.25; 3.14; 1.99685e-14
43.25; 3.14; 2.00617e-14
43.3; 3.14; 1.78985e-14
43.3; 3.14; 1.7876e-14
43.35; 3.14; 1.57786e-14
43.35; 3.14; 1.58832e-14
43.4; 3.14; 1.38747e-14
43.4; 3.14; 1.38803e-14
43.45; 3.14; 1.19771e-14
43.45; 3.14; 1.20672e-14
43.5; 3.14; 1.0293e-14
43.5; 3.14; 1.02703e-14
43.55; 3.14; 8.55872e-15
43.55; 3.14; 8.66062e-15
43.6; 3.14; 7.03569e-15
43.6; 3.14; 7.04116e-15
43.65; 3.14; 5.51886e-15
43.65; 3.14; 5.60659e-15
43.7; 3.14; 4.15889e-15
43.7; 3.14; 4.17233e-15
43.75; 3.14; 2.83853e-15
43.75; 3.14; 2.93835e-15
43.8; 3.14; 1.68943e-15
43.8; 3.14; 1.68606e-15
43.85; 3.14; 5.12134e-16
43.85; 3.14; 5.99987e-16
43.9; 3.14; -4.9923e-16
43.9; 3.14; -4.94519e-16
43.95; 3.14; -1.50525e-15
43.95; 3.14; -1.42961e-15
44; 3.14; -2.37602e-15
44; 3.14; -2.37197e-15
44.05; 3.14; -3.24219e-15
44.05; 3.14; -3.17707e-15
44.1; 3.14; -3.99192e-15
44.1; 3.14; -3.9797e-15
44.15; 3.14; -4.70341e-15
44.15; 3.14; -4.64925e-15
44.2; 3.14; -5.27452e-15
44.2; 3.14; -5.29912e-15
44.25; 3.14; -5.8979e-15
44.25; 3.14; -5.82689e-15
44.3; 3.14; -6.3653e-15
44.3; 3.14; -6.37022e-15
44.35; 3.14; -6.86265e-15
44.35; 3.14; -6.7996e-15
44.4; 3.14; -7.23842e-15
44.4; 3.14; -7.23504e-15
44.45; 3.14; -7.61036e-15
44.45; 3.14; -7.55608e-15
44.5; 3.14; -7.88524e-15
44.5; 3.14; -7.88233e-15
44.55; 3.14; -8.15682e-15
44.55; 3.14; -8.11008e-15
44.6; 3.14; -8.34483e-15
44.6; 3.14; -8.34233e-15
44.65; 3.14; -8.53e-15
44.65; 3.14; -8.48976e-15
44.7; 3.14; -8.64323e-15
44.7; 3.14; -8.64107e-15
44.75; 3.14; -8.754e-15
44.75; 3.14; -8.71936e-15
44.8; 3.14; -8.80283e-15
44.8; 3.14; -8.80097e-15
44.85; 3.14; -8.84955e-15
44.85; 3.14; -8.81972e-15
44.9; 3.14; -8.84294e-15
44.9; 3.14; -8.84134e-15
44.95; 3.14; -8.83451e-15
44.95; 3.14; -8.80883e-15
45; 3.14; -8.78016e-15
45; 3.14; -8.77879e-15
45.05; 3.14; -8.72425e-15
45.05; 3.14; -8.70214e-15
45.1; 3.14; -8.6288e-15
45.1; 3.14; -8.62762e-15
45.15; 3.14; -8.53201e-15
45.15; 3.14; -8.51297e-15
45.2; 3.14; -8.40117e-15
45.2; 3.14; -8.40015e-15
45.25; 3.14; -8.26918e-15
45.25; 3.14; -8.25279e-15
45.3; 3.14; -8.10788e-15
45.3; 3.14; -8.107e-15
45.35; 3.14; -7.94558e-15
45.35; 3.14; -7.93147e-15
45.4; 3.14; -7.75805e-15
45.4; 3.14; -7.75729e-15
45.45; 3.14; -7.56965e-15
45.45; 3.14; -7.5575e-15
45.5; 3.14; -7.35953e-15
45.5; 3.14; -7.35888e-15
45.55; 3.14; -7.14868e-15
45.55; 3.14; -7.13821e-15
45.6; 3.14; -6.91911e-15
45.6; 3.14; -6.91855e-15
45.65; 3.14; -6.68891e-15
45.65; 3.14; -6.6799e-15
45.7; 3.14; -6.4426e-15
45.7; 3.14; -6.44212e-15
45.75; 3.14; -6.19575e-15
45.75; 3.14; -6.18799e-15
45.8; 3.14; -5.93502e-15
45.8; 3.14; -5.94334e-15
45.85; 3.14; -5.7081e-15
45.85; 3.14; -5.69951e-15
45.9; 3.14; -5.45697e-15
45.9; 3.14; -5.46524e-15
45.95; 3.14; -5.23959e-15
45.95; 3.14; -5.23028e-15
46; 3.14; -4.99672e-15
46; 3.14; -5.00495e-15
46.05; 3.14; -4.78755e-15
46.05; 3.14; -4.77763e-15
46.1; 3.14; -4.55179e-15
46.1; 3.14; -4.55999e-15
46.15; 3.14; -4.3497e-15
46.15; 3.14; -4.33924e-15
46.2; 3.14; -4.17245e-15
46.2; 3.14; -4.14439e-15
46.25; 3.14; -3.939e-15
46.25; 3.14; -3.95437e-15
46.3; 3.14; -3.76206e-15
46.3; 3.14; -3.75415e-15
46.35; 3.14; -3.55178e-15
46.35; 3.14; -3.56693e-15
46.4; 3.14; -3.37743e-15
46.4; 3.14; -3.36951e-15
46.45; 3.14; -3.16973e-15
46.45; 3.14; -3.18469e-15
46.5; 3.14; -2.99762e-15
46.5; 3.14; -2.98969e-15
46.55; 3.14; -2.79214e-15
46.55; 3.14; -2.80693e-15
46.6; 3.14; -2.62195e-15
46.6; 3.14; -2.61401e-15
46.65; 3.14; -2.41838e-15
46.65; 3.14; -2.43302e-15
46.7; 3.14; -2.24985e-15
46.7; 3.14; -2.2419e-15
46.75; 3.14; -2.04793e-15
46.75; 3.14; -2.06244e-15
46.8; 3.14; -1.88082e-15
46.8; 3.14; -1.88159e-15
46.85; 3.14; -1.71459e-15
46.85; 3.14; -1.72708e-15
46.9; 3.14; -1.5707e-15
46.9; 3.14; -1.57137e-15
46.95; 3.14; -1.42758e-15
46.95; 3.14; -1.43834e-15
47; 3.14; -1.3037e-15
47; 3.14; -1.30428e-15
47.05; 3.14; -1.18048e-15
47.05; 3.14; -1.18974e-15
47.1; 3.14; -1.07382e-15
47.1; 3.14; -1.07431e-15
47.15; 3.14; -9.67721e-16
47.15; 3.14; -9.75698e-16
47.2; 3.14; -8.75889e-16
47.2; 3.14; -8.76317e-16
47.25; 3.14; -7.84542e-16
47.25; 3.14; -7.9141e-16
47.3; 3.14; -7.05475e-16
47.3; 3.14; -7.05843e-16
47.35; 3.14; -6.26826e-16
47.35; 3.14; -6.32739e-16
47.4; 3.14; -5.58751e-16
47.4; 3.14; -5.59068e-16
47.45; 3.14; -4.91035e-16
47.45; 3.14; -4.96126e-16
47.5; 3.14; -4.32423e-16
47.5; 3.14; -4.32696e-16
47.55; 3.14; -3.7412e-16
47.55; 3.14; -3.78504e-16
47.6; 3.14; -3.23656e-16
47.6; 3.14; -3.23891e-16
47.65; 3.14; -2.73458e-16
47.65; 3.14; -2.77232e-16
47.7; 3.14; -2.30009e-16
47.7; 3.14; -2.30211e-16
47.75; 3.14; -1.86789e-16
47.75; 3.14; -1.90039e-16
47.8; 3.14; -1.4938e-16
47.8; 3.14; -1.49554e-16
47.85; 3.14; -1.12169e-16
47.85; 3.14; -1.14966e-16
47.9; 3.14; -7.99597e-17
47.9; 3.14; -8.01097e-17
47.95; 3.14; -4.79209e-17
47.95; 3.14; -5.03299e-17
48; 3.14; -2.01895e-17
48; 3.14; -2.03187e-17
48.05; 3.14; 7.39545e-18
48.05; 3.14; 5.32139e-18
48.1; 3.14; 3.12719e-17
48.1; 3.14; 3.11607e-17
48.15; 3.14; 5.50222e-17
48.15; 3.14; 5.32364e-17
48.2; 3.14; 7.55795e-17
48.2; 3.14; 7.54838e-17
48.25; 3.14; 9.60282e-17
48.25; 3.14; 9.44907e-17
48.3; 3.14; 1.13728e-16
48.3; 3.14; 1.13645e-16
48.35; 3.14; 1.31334e-16
48.35; 3.14; 1.3001e-16
48.4; 3.14; 1.46573e-16
48.4; 3.14; 1.46502e-16
48.45; 3.14; 1.61732e-16
48.45; 3.14; 1.60592e-16
48.5; 3.14; 1.74852e-16
48.5; 3.14; 1.74791e-16
48.55; 3.14; 1.87904e-16
48.55; 3.14; 1.86923e-16
48.6; 3.14; 1.99201e-16
48.6; 3.14; 1.99148e-16
48.65; 3.14; 2.10438e-16
48.65; 3.14; 2.09593e-16
48.7; 3.14; 2.20164e-16
48.7; 3.14; 2.20119e-16
48.75; 3.14; 2.29839e-16
48.75; 3.14; 2.29112e-16
48.8; 3.14; 2.38213e-16
48.8; 3.14; 2.38174e-16
48.85; 3.14; 2.46544e-16
48.85; 3.14; 2.45917e-16
48.9; 3.14; 2.53754e-16
48.9; 3.14; 2.5372e-16
48.95; 3.14; 2.60926e-16
48.95; 3.14; 2.60387e-16
49; 3.14; 2.67134e-16
49; 3.14; 2.67105e-16
49.05; 3.14; 2.73309e-16
49.05; 3.14; 2.72844e-16
49.1; 3.14; 2.78654e-16
49.1; 3.14; 2.78629e-16
49.15; 3.14; 2.8397e-16
49.15; 3.14; 2.83571e-16
49.2; 3.14; 2.88572e-16
49.2; 3.14; 2.88551e-16
49.25; 3.14; 2.9315e-16
49.25; 3.14; 2.92806e-16
49.3; 3.14; 2.97112e-16
49.3; 3.14; 2.97094e-16
49.35; 3.14; 3.01053e-16
49.35; 3.14; 3.00757e-16
49.4; 3.14; 3.04465e-16
49.4; 3.14; 3.04449e-16
49.45; 3.14; 3.07858e-16
49.45; 3.14; 3.07603e-16
49.5; 3.14; 3.10795e-16
49.5; 3.14; 3.10781e-16
49.55; 3.14; 3.13717e-16
49.55; 3.14; 3.13497e-16
49.6; 3.14; 3.16246e-16
49.6; 3.14; 3.16234e-16
49.65; 3.14; 3.18761e-16
49.65; 3.14; 3.18572e-16
49.7; 3.14; 3.20938e-16
49.7; 3.14; 3.20928e-16
49.75; 3.14; 3.23104e-16
49.75; 3.14; 3.22941e-16
49.8; 3.14; 3.24979e-16
49.8; 3.14; 3.2497e-16
49.85; 3.14; 3.26844e-16
49.85; 3.14; 3.26703e-16
49.9; 3.14; 3.28458e-16
49.9; 3.14; 3.2845e-16
49.95; 3.14; 3.30063e-16
49.95; 3.14; 3.29943e-16
50; 3.14; 3.31453e-16
50; 3.14; 3.31446e-16
50.05; 3.14; 3.32835e-16
50.05; 3.14; 3.32731e-16
50.1; 3.14; 3.34032e-16
50.1; 3.14; 3.34026e-16
50.15; 3.14; 3.35222e-16
50.15; 3.14; 3.35132e-16
50.2; 3.14; 3.36252e-16
50.2; 3.14; 3.36247e-16
50.25; 3.14; 3.37277e-16
50.25; 3.14; 3.372e-16
50.3; 3.14; 3.38164e-16
50.3; 3.14; 3.3816e-16
50.35; 3.14; 3.39046e-16
50.35; 3.14; 3.3898e-16
50.4; 3.14; 3.3981e-16
50.4; 3.14; 3.39806e-16
50.45; 3.14; 3.40569e-16
50.45; 3.14; 3.40512e-16
50.5; 3.14; 3.41227e-16
50.5; 3.14; 3.41224e-16
50.55; 3.14; 3.41881e-16
50.55; 3.14; 3.41832e-16
50.6; 3.14; 3.42447e-16
50.6; 3.14; 3.42444e-16
50.65; 3.14; 3.4301e-16
50.65; 3.14; 3.42968e-16
50.7; 3.14; 3.43497e-16
50.7; 3.14; 3.43495e-16
50.75; 3.14; 3.43982e-16
50.75; 3.14; 3.43946e-16
50.8; 3.14; 3.44402e-16
50.8; 3.14; 3.444e-16
50.85; 3.14; 3.44819e-16
50.85; 3.14; 3.44788e-16
50.9; 3.14; 3.45181e-16
50.9; 3.14; 3.45179e-16
50.95; 3.14; 3.4554e-16
50.95; 3.14; 3.45513e-16
51; 3.14; 3.45851e-16
51; 3.14; 3.4585e-16
51.05; 3.14; 3.46161e-16
51.05; 3.14; 3.46137e-16
51.1; 3.14; 3.46428e-16
51.1; 3.14; 3.46427e-16
51.15; 3.14; 3.46695e-16
51.15; 3.14; 3.46675e-16
51.2; 3.14; 3.46926e-16
51.2; 3.14; 3.46924e-16
51.25; 3.14; 3.47155e-16
51.25; 3.14; 3.47138e-16
51.3; 3.14; 3.47353e-16
51.3; 3.14; 3.47353e-16
51.35; 3.14; 3.47551e-16
51.35; 3.14; 3.47536e-16
51.4; 3.14; 3.47722e-16
51.4; 3.14; 3.47721e-16
51.45; 3.14; 3.47892e-16
51.45; 3.14; 3.47879e-16
51.5; 3.14; 3.48039e-16
51.5; 3.14; 3.48038e-16
51.55; 3.14; 3.48186e-16
51.55; 3.14; 3.48175e-16
51.6; 3.14; 3.48312e-16
51.6; 3.14; 3.48312e-16
51.65; 3.14; 3.48438e-16
51.65; 3.14; 3.48429e-16
51.7; 3.14; 3.48547e-16
51.7; 3.14; 3.48547e-16
51.75; 3.14; 3.48656e-16
51.75; 3.14; 3.48648e-16
51.8; 3.14; 3.4875e-16
51.8; 3.14; 3.48749e-16
51.85; 3.14; 3.48843e-16
51.85; 3.14; 3.48836e-16
51.9; 3.14; 3.48924e-16
51.9; 3.14; 3.48924e-16
51.95; 3.14; 3.49005e-16
51.95; 3.14; 3.48999e-16
52; 3.14; 3.49074e-16
52; 3.14; 3.49074e-16
52.05; 3.14; 3.49144e-16
52.05; 3.14; 3.49138e-16
52.1; 3.14; 3.49204e-16
52.1; 3.14; 3.49203e-16
52.15; 3.14; 3.49263e-16
52.15; 3.14; 3.49259e-16
52.2; 3.14; 3.49315e-16
52.2; 3.14; 3.49315e-16
52.25; 3.14; 3.49366e-16
52.25; 3.14; 3.49362e-16
52.3; 3.14; 3.49411e-16
52.3; 3.14; 3.4941e-16
52.35; 3.14; 3.49455e-16
52.35; 3.14; 3.49452e-16
52.4; 3.14; 3.49493e-16
52.4; 3.14; 3.49493e-16
52.45; 3.14; 3.49531e-16
52.45; 3.14; 3.49528e-16
52.5; 3.14; 3.49564e-16
52.5; 3.14; 3.49564e-16
52.55; 3.14; 3.49597e-16
52.55; 3.14; 3.49594e-16
52.6; 3.14; 3.49625e-16
52.6; 3.14; 3.49625e-16
52.65; 3.14; 3.49654e-16
52.65; 3.14; 3.49651e-16
52.7; 3.14; 3.49678e-16
52.7; 3.14; 3.49678e-16
52.75; 3.14; 3.49702e-16
52.75; 3.14; 3.497e-16
52.8; 3.14; 3.49723e-16
52.8; 3.14; 3.49723e-16
52.85; 3.14; 3.49744e-16
52.85; 3.14; 3.49743e-16
52.9; 3.14; 3.49762e-16
52.9; 3.14; 3.49762e-16
52.95; 3.14; 3.4978e-16
52.95; 3.14; 3.49779e-16
53; 3.14; 3.49796e-16
53; 3.14; 3.49796e-16
53.05; 3.14; 3.49811e-16
53.05; 3.14; 3.4981e-16
53.1; 3.14; 3.49825e-16
53.1; 3.14; 3.49825e-16
53.15; 3.14; 3.49838e-16
53.15; 3.14; 3.49837e-16
53.2; 3.14; 3.4985e-16
53.2; 3.14; 3.4985e-16
53.25; 3.14; 3.49861e-16
53.25; 3.14; 3.4986e-16
53.3; 3.14; 3.49871e-16
53.3; 3.14; 3.49871e-16
53.35; 3.14; 3.49881e-16
53.35; 3.14; 3.4988e-16
53.4; 3.14; 3.4989e-16
53.4; 3.14; 3.4989e-16
53.45; 3.14; 3.49898e-16
53.45; 3.14; 3.49898e-16
53.5; 3.14; 3.49906e-16
53.5; 3.14; 3.49905e-16
53.55; 3.14; 3.49913e-16
53.55; 3.14; 3.49912e-16
53.6; 3.14; 3.49919e-16
53.6; 3.14; 3.49919e-16
53.65; 3.14; 3.49926e-16
53.65; 3.14; 3.49925e-16
53.7; 3.14; 3.49931e-16
53.7; 3.14; 3.49931e-16
53.75; 3.14; 3.49936e-16
53.75; 3.14; 3.49936e-16
53.8; 3.14; 3.49941e-16
53.8; 3.14; 3.49941e-16
53.85; 3.14; 3.49946e-16
53.85; 3.14; 3.49945e-16
53.9; 3.14; 3.4995e-16
53.9; 3.14; 3.4995e-16
53.95; 3.14; 3.49954e-16
53.95; 3.14; 3.49954e-16
54; 3.14; 3.49957e-16
54; 3.14; 3.49957e-16
54.05; 3.14; 3.49961e-16
54.05; 3.14; 3.49961e-16
54.1; 3.14; 3.49964e-16
54.1; 3.14; 3.49964e-16
54.15; 3.14; 3.49967e-16
54.15; 3.14; 3.49967e-16
54.2; 3.14; 3.49969e-16
54.2; 3.14; 3.49969e-16
54.25; 3.14; 3.49972e-16
54.25; 3.14; 3.49972e-16
54.3; 3.14; 3.49974e-16
54.3; 3.14; 3.49974e-16
54.35; 3.14; 3.49976e-16
54.35; 3.14; 3.49976e-16
54.4; 3.14; 3.49978e-16
54.4; 3.14; 3.49978e-16
54.45; 3.14; 3.4998e-16
54.45; 3.14; 3.4998e-16
54.5; 3.14; 3.49982e-16
54.5; 3.14; 3.49982e-16
54.55; 3.14; 3.49984e-16
54.55; 3.14; 3.49983e-16
54.6; 3.14; 3.49985e-16
54.6; 3.14; 3.49985e-16
54.65; 3.14; 3.49986e-16
54.65; 3.14; 3.49986e-16
54.7; 3.14; 3.49988e-16
54.7; 3.14; 3.49988e-16
54.75; 3.14; 3.49989e-16
54.75; 3.14; 3.49989e-16
54.8; 3.14; 3.4999e-16
54.8; 3.14; 3.4999e-16
54.85; 3.14; 3.49991e-16
54.85; 3.14; 3.49991e-16
54.9; 3.14; 3.49992e-16
54.9; 3.14; 3.49992e-16
54.95; 3.14; 3.49993e-16
54.95; 3.14; 3.49993e-16
55; 3.14; 3.49994e-16
55; 3.14; 3.49994e-16
55.05; 3.14; 3.49994e-16
55.05; 3.14; 3.49994e-16
55.1; 3.14; 3.49995e-16
55.1; 3.14; 3.49995e-16
55.15; 3.14; 3.49996e-16
55.15; 3.14; 3.49996e-16
55.2; 3.14; 3.49996e-16
55.2; 3.14; 3.49996e-16
55.25; 3.14; 3.49997e-16
55.25; 3.14; 3.49997e-16
55.3; 3.14; 3.49997e-16
55.3; 3.14; 3.49997e-16
55.35; 3.14; 3.49998e-16
55.35; 3.14; 3.49998e-16
55.4; 3.14; 3.49998e-16
55.4; 3.14; 3.49998e-16
55.45; 3.14; 3.49999e-16
55.45; 3.14; 3.49999e-16
55.5; 3.14; 3.49999e-16
55.5; 3.14; 3.49999e-16
55.55; 3.14; 3.49999e-16
55.55; 3.14; 3.49999e-16
55.6; 3.14; 3.5e-16
55.6; 3.14; 3.5e-16
55.65; 3.14; 3.5e-16
55.65; 3.14; 3.5e-16
55.7; 3.14; 3.5e-16
55.7; 3.14; 3.5e-16
55.75; 3.14; 3.50001e-16
55.75; 3.14; 3.50001e-16
55.8; 3.14; 3.50001e-16
55.8; 3.14; 3.50001e-16
55.85; 3.14; 3.50001e-16
55.85; 3.14; 3.50001e-16
55.9; 3.14; 3.50001e-16
55.9; 3.14; 3.50001e-16
55.95; 3.14; 3.50001e-16
55.95; 3.14; 3.50001e-16
56; 3.14; 3.50002e-16
56; 3.14; 3.50002e-16
56.05; 3.14; 3.50002e-16
56.05; 3.14; 3.50002e-16
56.1; 3.14; 3.50002e-16
56.1; 3.14; 3.50002e-16
56.15; 3.14; 3.50002e-16
56.15; 3.14; 3.50002e-16
56.2; 3.14; 3.50002e-16
56.2; 3.14; 3.50002e-16
56.25; 3.14; 3.50002e-16
56.25; 3.14; 3.50002e-16
56.3; 3.14; 3.50002e-16
56.3; 3.14; 3.50002e-16
56.35; 3.14; 3.50003e-16
56.35; 3.14; 3.50003e-16
56.4; 3.14; 3.50003e-16
56.4; 3.14; 3.50003e-16
56.45; 3.14; 3.50003e-16
56.45; 3.14; 3.50003e-16
56.5; 3.14; 3.50003e-16
56.5; 3.14; 3.50003e-16
56.55; 3.14; 3.50003e-16
56.55; 3.14; 3.50003e-16
56.6; 3.14; 3.50003e-16
56.6; 3.14; 3.50003e-16
56.65; 3.14; 3.50003e-16
56.65; 3.14; 3.50003e-16
56.7; 3.14; 3.50003e-16
56.7; 3.14; 3.50003e-16
56.75; 3.14; 3.50003e-16
56.75; 3.14; 3.50003e-16
56.8; 3.14; 3.50003e-16
56.8; 3.14; 3.50003e-16
56.85; 3.14; 3.50003e-16
56.85; 3.14; 3.50003e-16
56.9; 3.14; 3.50003e-16
56.9; 3.14; 3.50003e-16
56.95; 3.14; 3.50003e-16
56.95; 3.14; 3.50003e-16
57; 3.14; 3.50003e-16
57; 3.14; 3.50003e-16
57.05; 3.14; 3.50004e-16
57.05; 3.14; 3.50004e-16
57.1; 3.14; 3.50004e-16
57.1; 3.14; 3.50004e-16
57.15; 3.14; 3.50004e-16
57.15; 3.14; 3.50004e-16
57.2; 3.14; 3.50004e-16
57.2; 3.14; 3.50004e-16
57.25; 3.14; 3.50004e-16
57.25; 3.14; 3.50004e-16
57.3; 3.14; 3.50004e-16
57.3; 3.14; 3.50004e-16
57.35; 3.14; 3.50004e-16
57.35; 3.14; 3.50004e-16
57.4; 3.14; 3.50004e-16
57.4; 3.14; 3.50004e-16
57.45; 3.14; 3.50004e-16
57.45; 3.14; 3.50004e-16
57.5; 3.14; 3.50004e-16
57.5; 3.14; 3.50004e-16
57.55; 3.14; 3.50004e-16
57.55; 3.14; 3.50004e-16
57.6; 3.14; 3.50004e-16
57.6; 3.14; 3.50004e-16
57.65; 3.14; 3.50004e-16
57.65; 3.14; 3.50004e-16
57.7; 3.14; 3.50004e-16
57.7; 3.14; 3.50004e-16
57.75; 3.14; 3.50004e-16
57.75; 3.14; 3.50004e-16
57.8; 3.14; 3.50004e-16
57.8; 3.14; 3.50004e-16
57.85; 3.14; 3.50004e-16
57.85; 3.14; 3.50004e-16
57.9; 3.14; 3.50004e-16
57.9; 3.14; 3.50004e-16
57.95; 3.14; 3.50004e-16
57.95; 3.14; 3.50004e-16
58; 3.14; 3.50004e-16
58; 3.14; 3.50004e-16
58.05; 3.14; 3.50004e-16
58.05; 3.14; 3.50004e-16
58.1; 3.14; 3.50004e-16
58.1; 3.14; 3.50004e-16
58.15; 3.14; 3.50004e-16
58.15; 3.14; 3.50004e-16
58.2; 3.14; 3.50004e-16
58.2; 3.14; 3.50004e-16
58.25; 3.14; 3.50004e-16
58.25; 3.14; 3.50004e-16
58.3; 3.14; 3.50004e-16
58.3; 3.14; 3.50004e-16
58.35; 3.14; 3.50004e-16
58.35; 3.14; 3.50004e-16
58.4; 3.14; 3.50004e-16
58.4; 3.14; 3.50004e-16
58.45; 3.14; 3.50004e-16
58.45; 3.14; 3.50004e-16
58.5; 3.14; 3.50004e-16
58.5; 3.14; 3.50004e-16
58.55; 3.14; 3.50004e-16
58.55; 3.14; 3.50004e-16
58.6; 3.14; 3.50004e-16
58.6; 3.14; 3.50004e-16
58.65; 3.14; 3.50004e-16
58.65; 3.14; 3.50004e-16
58.7; 3.14; 3.50004e-16
58.7; 3.14; 3.50004e-16
58.75; 3.14; 3.50004e-16
58.75; 3.14; 3.50004e-16
58.8; 3.14; 3.50004e-16
58.8; 3.14; 3.50004e-16
58.85; 3.14; 3.50004e-16
58.85; 3.14; 3.50004e-16
58.9; 3.14; 3.50004e-16
58.9; 3.14; 3.50004e-16
58.95; 3.14; 3.50004e-16
58.95; 3.14; 3.50004e-16
59; 3.14; 3.50004e-16
59; 3.14; 3.50004e-16
59.05; 3.14; 3.50004e-16
59.05; 3.14; 3.50004e-16
59.1; 3.14; 3.50004e-16
59.1; 3.14; 3.50004e-16
59.15; 3.14; 3.50004e-16
59.15; 3.14; 3.50004e-16
59.2; 3.14; 3.50004e-16
59.2; 3.14; 3.50004e-16
59.25; 3.14; 3.50004e-16
59.25; 3.14; 3.50004e-16
59.3; 3.14; 3.50004e-16
59.3; 3.14; 3.50004e-16
59.35; 3.14; 3.50004e-16
59.35; 3.14; 3.50004e-16
59.4; 3.14; 3.50004e-16
59.4; 3.14; 3.50004e-16
59.45; 3.14; 3.50004e-16
59.45; 3.14; 3.50004e-16
59.5; 3.14; 3.50004e-16
59.5; 3.14; 3.50004e-16
59.55; 3.14; 3.50004e-16
59.55; 3.14; 3.50004e-16
59.6; 3.14; 3.50004e-16
59.6; 3.14; 3.50004e-16
59.65; 3.14; 3.50004e-16
59.65; 3.14; 3.50004e-16
59.7; 3.14; 3.50004e-16
59.7; 3.14; 3.50004e-16
59.75; 3.14; 3.50004e-16
59.75; 3.14; 3.50004e-16
59.8; 3.14; 3.50004e-16
59.8; 3.14; 3.50004e-16
59.85; 3.14; 3.50004e-16
59.85; 3.14; 3.50004e-16
59.9; 3.14; 3.50004e-16
59.9; 3.14; 3.50004e-16
59.95; 3.14; 3.50004e-16
59.95; 3.14; 3.50004e-16
60; 3.14; 3.50004e-16
60; 3.14; 3.50004e-16
60.05; 3.14; 3.50004e-16
60.05; 3.14; 3.50004e-16
60.1; 3.14; 3.50004e-16
60.1; 3.14; 3.50004e-16
60.15; 3.14; 3.50004e-16
60.15; 3.14; 3.50004e-16
60.2; 3.14; 3.50004e-16
60.2; 3.14; 3.50004e-16
60.25; 3.14; 3.50004e-16
60.25; 3.14; 3.50004e-16
60.3; 3.14; 3.50004e-16
60.3; 3.14; 3.50004e-16
60.35; 3.14; 3.50004e-16
60.35; 3.14; 3.50004e-16
60.4; 3.14; 3.50004e-16
60.4; 3.14; 3.50004e-16
60.45; 3.14; 3.50004e-16
60.45; 3.14; 3.50004e-16
60.5; 3.14; 3.50004e-16
60.5; 3.14; 3.50004e-16
60.55; 3.14; 3.50004e-16
60.55; 3.14; 3.50004e-16
60.6; 3.14; 3.50004e-16
60.6; 3.14; 3.50004e-16
60.65; 3.14; 3.50004e-16
60.65; 3.14; 3.50004e-16
60.7; 3.14; 3.50004e-16
60.7; 3.14; 3.50004e-16
60.75; 3.14; 3.50004e-16
60.75; 3.14; 3.50004e-16
60.8; 3.14; 3.50004e-16
60.8; 3.14; 3.50004e-16
60.85; 3.14; 3.50004e-16
60.85; 3.14; 3.50004e-16
60.9; 3.14; 3.50004e-16
60.9; 3.14; 3.50004e-16
60.95; 3.14; 3.50004e-16
60.95; 3.14; 3.50004e-16
61; 3.14; 3.50004e-16
61; 3.14; 3.50004e-16
61.05; 3.14; 3.50004e-16
61.05; 3.14; 3.50004e-16
61.1; 3.14; 3.50004e-16
61.1; 3.14; 3.50004e-16
61.15; 3.14; 3.50004e-16
61.15; 3.14; 3.50004e-16
61.2; 3.14; 3.50004e-16
61.2; 3.14; 3.50004e-16
61.25; 3.14; 3.50004e-16
61.25; 3.14; 3.50004e-16
61.3; 3.14; 3.50004e-16
61.3; 3.14; 3.50004e-16
61.35; 3.14; 3.50004e-16
61.35; 3.14; 3.50004e-16
61.4; 3.14; 3.50004e-16
61.4; 3.14; 3.50004e-16
61.45; 3.14; 3.50004e-16
61.45; 3.14; 3.50004e-16
61.5; 3.14; 3.50004e-16
61.5; 3.14; 3.50004e-16
61.55; 3.14; 3.50004e-16
61.55; 3.14; 3.50004e-16
61.6; 3.14; 3.50004e-16
61.6; 3.14; 3.50004e-16
61.65; 3.14; 3.50004e-16
61.65; 3.14; 3.50004e-16
61.7; 3.14; 3.50004e-16
61.7; 3.14; 3.50004e-16
61.75; 3.14; 3.50004e-16
61.75; 3.14; 3.50004e-16
61.8; 3.14; 3.50004e-16
61.8; 3.14; 3.50004e-16
61.85; 3.14; 3.50004e-16
61.85; 3.14; 3.50004e-16
61.9; 3.14; 3.50004e-16
61.9; 3.14; 3.50004e-16
61.95; 3.14; 3.50004e-16
61.95; 3.14; 3.50004e-16
62; 3.14; 3.50004e-16
62; 3.14; 3.50004e-16
62.05; 3.14; 3.50004e-16
62.05; 3.14; 3.50004e-16
62.1; 3.14; 3.50004e-16
62.1; 3.14; 3.50004e-16
62.15; 3.14; 3.50004e-16
62.15; 3.14; 3.50004e-16
62.2; 3.14; 3.50004e-16
62.2; 3.14; 3.50004e-16
62.25; 3.14; 3.50004e-16
62.25; 3.14; 3.50004e-16
62.3; 3.14; 3.50004e-16
62.3; 3.14; 3.50004e-16
62.35; 3.14; 3.50004e-16
62.35; 3.14; 3.50004e-16
62.4; 3.14; 3.50004e-16
62.4; 3.14; 3.50004e-16
62.45; 3.14; 3.50004e-16
62.45; 3.14; 3.50004e-16
62.5; 3.14; 3.50004e-16
62.5; 3.14; 3.50004e-16
62.55; 3.14; 3.50004e-16
62.55; 3.14; 3.50004e-16
62.6; 3.14; 3.50004e-16
62.6; 3.14; 3.50004e-16
62.65; 3.14; 3.50004e-16
62.65; 3.14; 3.50004e-16
62.7; 3.14; 3.50004e-16
62.7; 3.14; 3.50004e-16
62.75; 3.14; 3.50004e-16
62.75; 3.14; 3.50004e-16
62.8; 3.14; 3.50004e-16
62.8; 3.14; 3.50004e-16
62.85; 3.14; 3.50004e-16
62.85; 3.14; 3.50004e-16
62.9; 3.14; 3.50004e-16
62.9; 3.14; 3.50004e-16
62.95; 3.14; 3.50004e-16
62.95; 3.14; 3.50004e-16
63; 3.14; 3.50004e-16
63; 3.14; 3.50004e-16
63.05; 3.14; 3.50004e-16
63.05; 3.14; 3.50004e-16
63.1; 3.14; 3.50004e-16
63.1; 3.14; 3.50004e-16
63.15; 3.14; 3.50004e-16
63.15; 3.14; 3.50004e-16
63.2; 3.14; 3.50004e-16
63.2; 3.14; 3.50004e-16
63.25; 3.14; 3.50004e-16
63.25; 3.14; 3.50004e-16
63.3; 3.14; 3.50004e-16
63.3; 3.14; 3.50004e-16
63.35; 3.14; 3.50004e-16
63.35; 3.14; 3.50004e-16
63.4; 3.14; 3.50004e-16
63.4; 3.14; 3.50004e-16
63.45; 3.14; 3.50004e-16
63.45; 3.14; 3.50004e-16
63.5; 3.14; 3.50004e-16
63.5; 3.14; 3.50004e-16
63.55; 3.14; 3.50004e-16
63.55; 3.14; 3.50004e-16
63.6; 3.14; 3.50004e-16
63.6; 3.14; 3.50004e-16
63.65; 3.14; 3.50004e-16
63.65; 3.14; 3.50004e-16
63.7; 3.14; 3.50004e-16
63.7; 3.14; 3.50004e-16
63.75; 3.14; 3.50004e-16
63.75; 3.14; 3.50004e-16
63.8; 3.14; 3.50004e-16
63.8; 3.14; 3.50004e-16
63.85; 3.14; 3.50004e-16
63.85; 3.14; 3.50004e-16
63.9; 3.14; 3.50004e-16
63.9; 3.14; 3.50004e-16
63.95; 3.14; 3.50004e-16
63.95; 3.14; 3.50004e-16
64; 3.14; 3.50004e-16
64; 3.14; 3.50004e-16
64.05; 3.14; 3.50004e-16
64.05; 3.14; 3.50004e-16
64.1; 3.14; 3.50004e-16
64.1; 3.14; 3.50004e-16
64.15; 3.14; 3.50004e-16
64.15; 3.14; 3.50004e-16
64.2; 3.14; 3.50004e-16
64.2; 3.14; 3.50004e-16
64.25; 3.14; 3.50004e-16
64.25; 3.14; 3.50004e-16
64.3; 3.14; 3.50004e-16
64.3; 3.14; 3.50004e-16
64.35; 3.14; 3.50004e-16
64.35; 3.14; 3.50004e-16
64.4; 3.14; 3.50004e-16
64.4; 3.14; 3.50004e-16
64.45; 3.14; 3.50004e-16
64.45; 3.14; 3.50004e-16
64.5; 3.14; 3.50004e-16
64.5; 3.14; 3.50004e-16
64.55; 3.14; 3.50004e-16
64.55; 3.14; 3.50004e-16
64.6; 3.14; 3.50004e-16
64.6; 3.14; 3.50004e-16
64.65; 3.14; 3.50004e-16
64.65; 3.14; 3.50004e-16
64.7; 3.14; 3.50004e-16
64.7; 3.14; 3.50004e-16
64.75; 3.14; 3.50004e-16
64.75; 3.14; 3.50004e-16
64.8; 3.14; 3.50004e-16
64.8; 3.14; 3.50004e-16
64.85; 3.14; 3.50004e-16
64.85; 3.14; 3.50004e-16
64.9; 3.14; 3.50004e-16
64.9; 3.14; 3.50004e-16
64.95; 3.14; 3.50004e-16
64.95; 3.14; 3.50004e-16
65; 3.14; 3.50004e-16
65; 3.14; 3.50004e-16
65.05; 3.14; 3.50004e-16
65.05; 3.14; 3.50004e-16
65.1; 3.14; 3.50004e-16
65.1; 3.14; 3.50004e-16
65.15; 3.14; 3.50004e-16
65.15; 3.14; 3.50004e-16
65.2; 3.14; 3.50004e-16
65.2; 3.14; 3.50004e-16
65.25; 3.14; 3.50004e-16
65.25; 3.14; 3.50004e-16
65.3; 3.14; 3.50004e-16
65.3; 3.14; 3.50004e-16
65.35; 3.14; 3.50004e-16
65.35; 3.14; 3.50004e-16
65.4; 3.14; 3.50004e-16
65.4; 3.14; 3.50004e-16
65.45; 3.14; 3.50004e-16
65.45; 3.14; 3.50004e-16
65.5; 3.14; 3.50004e-16
65.5; 3.14; 3.50004e-16
65.55; 3.14; 3.50004e-16
65.55; 3.14; 3.50004e-16
65.6; 3.14; 3.50004e-16
65.6; 3.14; 3.50004e-16
65.65; 3.14; 3.50004e-16
65.65; 3.14; 3.50004e-16
65.7; 3.14; 3.50004e-16
65.7; 3.14; 3.50004e-16
65.75; 3.14; 3.50004e-16
65.75; 3.14; 3.50004e-16
65.8; 3.14; 3.50004e-16
65.8; 3.14; 3.50004e-16
65.85; 3.14; 3.50004e-16
65.85; 3.14; 3.50004e-16
65.9; 3.14; 3.50004e-16
65.9; 3.14; 3.50004e-16
65.95; 3.14; 3.50004e-16
65.95; 3.14; 3.50004e-16
66; 3.14; 3.50004e-16
66; 3.14; 3.50004e-16
66.05; 3.14; 3.50004e-16
66.05; 3.14; 3.50004e-16
66.1; 3.14; 3.50004e-16
66.1; 3.14; 3.50004e-16
66.15; 3.14; 3.50004e-16
66.15; 3.14; 3.50004e-16
66.2; 3.14; 3.50004e-16
66.2; 3.14; 3.50004e-16
66.25; 3.14; 3.50004e-16
66.25; 3.14; 3.50004e-16
66.3; 3.14; 3.50004e-16
66.3; 3.14; 3.50004e-16
66.35; 3.14; 3.50004e-16
66.35; 3.14; 3.50004e-16
66.4; 3.14; 3.50004e-16
66.4; 3.14; 3.50004e-16
66.45; 3.14; 3.50004e-16
66.45; 3.14; 3.50004e-16
66.5; 3.14; 3.50004e-16
66.5; 3.14; 3.50004e-16
66.55; 3.14; 3.50004e-16
66.55; 3.14; 3.50004e-16
66.6; 3.14; 3.50004e-16
66.6; 3.14; 3.50004e-16
66.65; 3.14; 3.50004e-16
66.65; 3.14; 3.50004e-16
66.7; 3.14; 3.50004e-16
66.7; 3.14; 3.50004e-16
66.75; 3.14; 3.50004e-16
66.75; 3.14; 3.50004e-16
66.8; 3.14; 3.50004e-16
66.8; 3.14; 3.50004e-16
66.85; 3.14; 3.50004e-16
66.85; 3.14; 3.50004e-16
66.9; 3.14; 3.50004e-16
66.9; 3.14; 3.50004e-16
66.95; 3.14; 3.50004e-16
66.95; 3.14; 3.50004e-16
67; 3.14; 3.50004e-16
67; 3.14; 3.50004e-16
67.05; 3.14; 3.50004e-16
67.05; 3.14; 3.50004e-16
67.1; 3.14; 3.50004e-16
67.1; 3.14; 3.50004e-16
67.15; 3.14; 3.50004e-16
67.15; 3.14; 3.50004e-16
67.2; 3.14; 3.50004e-16
67.2; 3.14; 3.50004e-16
67.25; 3.14; 3.50004e-16
67.25; 3.14; 3.50004e-16
67.3; 3.14; 3.50004e-16
67.3; 3.14; 3.50004e-16
67.35; 3.14; 3.50004e-16
67.35; 3.14; 3.50004e-16
67.4; 3.14; 3.50004e-16
67.4; 3.14; 3.50004e-16
67.45; 3.14; 3.50004e-16
67.45; 3.14; 3.50004e-16
67.5; 3.14; 3.50004e-16
67.5; 3.14; 3.50004e-16
67.55; 3.14; 3.50004e-16
67.55; 3.14; 3.50004e-16
67.6; 3.14; 3.50004e-16
67.6; 3.14; 3.50004e-16
67.65; 3.14; 3.50004e-16
67.65; 3.14; 3.50004e-16
67.7; 3.14; 3.50004e-16
67.7; 3.14; 3.50004e-16
67.75; 3.14; 3.50004e-16
67.75; 3.14; 3.50004e-16
67.8; 3.14; 3.50004e-16
67.8; 3.14; 3.50004e-16
67.85; 3.14; 3.50004e-16
67.85; 3.14; 3.50004e-16
67.9; 3.14; 3.50004e-16
67.9; 3.14; 3.50004e-16
67.95; 3.14; 3.50004e-16
67.95; 3.14; 3.50004e-16
68; 3.14; 3.50004e-16
68; 3.14; 3.50004e-16
68.05; 3.14; 3.50004e-16
68.05; 3.14; 3.50004e-16
68.1; 3.14; 3.50004e-16
68.1; 3.14; 3.50004e-16
68.15; 3.14; 3.50004e-16
68.15; 3.14; 3.50004e-16
68.2; 3.14; 3.50004e-16
68.2; 3.14; 3.50004e-16
68.25; 3.14; 3.50004e-16
68.25; 3.14; 3.50004e-16
68.3; 3.14; 3.50004e-16
68.3; 3.14; 3.50004e-16
68.35; 3.14; 3.50004e-16
68.35; 3.14; 3.50004e-16
68.4; 3.14; 3.50004e-16
68.4; 3.14; 3.50004e-16
68.45; 3.14; 3.50004e-16
68.45; 3.14; 3.50004e-16
68.5; 3.14; 3.50004e-16
68.5; 3.14; 3.50004e-16
68.55; 3.14; 3.50004e-16
68.55; 3.14; 3.50004e-16
68.6; 3.14; 3.50004e-16
68.6; 3.14; 3.50004e-16
68.65; 3.14; 3.50004e-16
68.65; 3.14; 3.50004e-16
68.7; 3.14; 3.50004e-16
68.7; 3.14; 3.50004e-16
68.75; 3.14; 3.50004e-16
68.75; 3.14; 3.50004e-16
68.8; 3.14; 3.50004e-16
68.8; 3.14; 3.50004e-16
68.85; 3.14; 3.50004e-16
68.85; 3.14; 3.50004e-16
68.9; 3.14; 3.50004e-16
68.9; 3.14; 3.50004e-16
68.95; 3.14; 3.50004e-16
68.95; 3.14; 3.50004e-16
69; 3.14; 3.50004e-16
69; 3.14; 3.50004e-16
69.05; 3.14; 3.50004e-16
69.05; 3.14; 3.50004e-16
69.1; 3.14; 3.50004e-16
69.1; 3.14; 3.50004e-16
69.15; 3.14; 3.50004e-16
69.15; 3.14; 3.50004e-16
69.2; 3.14; 3.50004e-16
69.2; 3.14; 3.50004e-16
69.25; 3.14; 3.50004e-16
69.25; 3.14; 3.50004e-16
69.3; 3.14; 3.50004e-16
69.3; 3.14; 3.50004e-16
69.35; 3.14; 3.50004e-16
69.35; 3.14; 3.50004e-16
69.4; 3.14; 3.50004e-16
69.4; 3.14; 3.50004e-16
69.45; 3.14; 3.50004e-16
69.45; 3.14; 3.50004e-16
69.5; 3.14; 3.50004e-16
69.5; 3.14; 3.50004e-16
69.55; 3.14; 3.50004e-16
69.55; 3.14; 3.50004e-16
69.6; 3.14; 3.50004e-16
69.6; 3.14; 3.50004e-16
69.65; 3.14; 3.50004e-16
69.65; 3.14; 3.50004e-16
69.7; 3.14; 3.50004e-16
69.7; 3.14; 3.50004e-16
69.75; 3.14; 3.50004e-16
69.75; 3.14; 3.50004e-16
69.8; 3.14; 3.50004e-16
69.8; 3.14; 3.50004e-16
69.85; 3.14; 3.50004e-16
69.85; 3.14; 3.50004e-16
69.9; 3.14; 3.50004e-16
69.9; 3.14; 3.50004e-16
69.95; 3.14; 3.50004e-16
69.95; 3.14; 3.50004e-16
70; 3.14; 3.50004e-16
70; 3.14; 3.50004e-16
70.05; 3.14; 3.50004e-16
70.05; 3.14; 3.50004e-16
70.1; 3.14; 3.50004e-16
70.1; 3.14; 3.50004e-16
70.15; 3.14; 3.50004e-16
70.15; 3.14; 3.50004e-16
70.2; 3.14; 3.50004e-16
70.2; 3.14; 3.50004e-16
70.25; 3.14; 3.50004e-16
70.25; 3.14; 3.50004e-16
70.3; 3.14; 3.50004e-16
70.3; 3.14; 3.50004e-16
70.35; 3.14; 3.50004e-16
70.35; 3.14; 3.50004e-16
70.4; 3.14; 3.50004e-16
70.4; 3.14; 3.50004e-16
70.45; 3.14; 3.50004e-16
70.45; 3.14; 3.50004e-16
70.5; 3.14; 3.50004e-16
70.5; 3.14; 3.50004e-16
70.55; 3.14; 3.50004e-16
70.55; 3.14; 3.50004e-16
70.6; 3.14; 3.50004e-16
70.6; 3.14; 3.50004e-16
70.65; 3.14; 3.50004e-16
70.65; 3.14; 3.50004e-16
70.7; 3.14; 3.50004e-16
70.7; 3.14; 3.50004e-16
70.75; 3.14; 3.50004e-16
70.75; 3.14; 3.50004e-16
70.8; 3.14; 3.50004e-16
70.8; 3.14; 3.50004e-16
70.85; 3.14; 3.50004e-16
70.85; 3.14; 3.50004e-16
70.9; 3.14; 3.50004e-16
70.9; 3.14; 3.50004e-16
70.95; 3.14; 3.50004e-16
70.95; 3.14; 3.50004e-16
71; 3.14; 3.50004e-16
71; 3.14; 3.50004e-16
71.05; 3.14; 3.50004e-16
71.05; 3.14; 3.50004e-16
71.1; 3.14; 3.50004e-16
71.1; 3.14; 3.50004e-16
71.15; 3.14; 3.50004e-16
71.15; 3.14; 3.50004e-16
71.2; 3.14; 3.50004e-16
71.2; 3.14; 3.50004e-16
71.25; 3.14; 3.50004e-16
71.25; 3.14; 3.50004e-16
71.3; 3.14; 3.50004e-16
71.3; 3.14; 3.50004e-16
71.35; 3.14; 3.50004e-16
71.35; 3.14; 3.50004e-16
71.4; 3.14; 3.50004e-16
71.4; 3.14; 3.50004e-16
71.45; 3.14; 3.50004e-16
71.45; 3.14; 3.50004e-16
71.5; 3.14; 3.50004e-16
71.5; 3.14; 3.50004e-16
71.55; 3.14; 3.50004e-16
71.55; 3.14; 3.50004e-16
71.6; 3.14; 3.50004e-16
71.6; 3.14; 3.50004e-16
71.65; 3.14; 3.50004e-16
71.65; 3.14; 3.50004e-16
71.7; 3.14; 3.50004e-16
71.7; 3.14; 3.50004e-16
71.75; 3.14; 3.50004e-16
71.75; 3.14; 3.50004e-16
71.8; 3.14; 3.50004e-16
71.8; 3.14; 3.50004e-16
71.85; 3.14; 3.50004e-16
71.85; 3.14; 3.50004e-16
71.9; 3.14; 3.50004e-16
71.9; 3.14; 3.50004e-16
71.95; 3.14; 3.50004e-16
71.95; 3.14; 3.50004e-16
72; 3.14; 3.50004e-16
72; 3.14; 3.50004e-16
72.05; 3.14; 3.50004e-16
72.05; 3.14; 3.50004e-16
72.1; 3.14; 3.50004e-16
72.1; 3.14; 3.50004e-16
72.15; 3.14; 3.50004e-16
72.15; 3.14; 3.50004e-16
72.2; 3.14; 3.50004e-16
72.2; 3.14; 3.50004e-16
72.25; 3.14; 3.50004e-16
72.25; 3.14; 3.50004e-16
72.3; 3.14; 3.50004e-16
72.3; 3.14; 3.50004e-16
72.35; 3.14; 3.50004e-16
72.35; 3.14; 3.50004e-16
72.4; 3.14; 3.50004e-16
72.4; 3.14; 3.50004e-16
72.45; 3.14; 3.50004e-16
72.45; 3.14; 3.50004e-16
72.5; 3.14; 3.50004e-16
72.5; 3.14; 3.50004e-16
72.55; 3.14; 3.50004e-16
72.55; 3.14; 3.50004e-16
72.6; 3.14; 3.50004e-16
72.6; 3.14; 3.50004e-16
72.65; 3.14; 3.50004e-16
72.65; 3.14; 3.50004e-16
72.7; 3.14; 3.50004e-16
72.7; 3.14; 3.50004e-16
72.75; 3.14; 3.50004e-16
72.75; 3.14; 3.50004e-16
72.8; 3.14; 3.50004e-16
72.8; 3.14; 3.50004e-16
72.85; 3.14; 3.50004e-16
72.85; 3.14; 3.50004e-16
72.9; 3.14; 3.50004e-16
72.9; 3.14; 3.50004e-16
72.95; 3.14; 3.50004e-16
72.95; 3.14; 3.50004e-16
73; 3.14; 3.50004e-16
73; 3.14; 3.50004e-16
73.05; 3.14; 3.50004e-16
73.05; 3.14; 3.50004e-16
73.1; 3.14; 3.50004e-16
73.1; 3.14; 3.50004e-16
73.15; 3.14; 3.50004e-16
73.15; 3.14; 3.50004e-16
73.2; 3.14; 3.50004e-16
73.2; 3.14; 3.50004e-16
73.25; 3.14; 3.50004e-16
73.25; 3.14; 3.50004e-16
73.3; 3.14; 3.50004e-16
73.3; 3.14; 3.50004e-16
73.35; 3.14; 3.50004e-16
73.35; 3.14; 3.50004e-16
73.4; 3.14; 3.50004e-16
73.4; 3.14; 3.50004e-16
73.45; 3.14; 3.50004e-16
73.45; 3.14; 3.50004e-16
73.5; 3.14; 3.50004e-16
73.5; 3.14; 3.50004e-16
73.55; 3.14; 3.50004e-16
73.55; 3.14; 3.50004e-16
73.6; 3.14; 3.50004e-16
73.6; 3.14; 3.50004e-16
73.65; 3.14; 3.50004e-16
73.65; 3.14; 3.50004e-16
73.7; 3.14; 3.50004e-16
73.7; 3.14; 3.50004e-16
73.75; 3.14; 3.50004e-16
73.75; 3.14; 3.50004e-16
73.8; 3.14; 3.50004e-16
73.8; 3.14; 3.50004e-16
73.85; 3.14; 3.50004e-16
73.85; 3.14; 3.50004e-16
73.9; 3.14; 3.50004e-16
73.9; 3.14; 3.50004e-16
73.95; 3.14; 3.50004e-16
73.95; 3.14; 3.50004e-16
74; 3.14; 3.50004e-16
74; 3.14; 3.50004e-16
74.05; 3.14; 3.50004e-16
74.05; 3.14; 3.50004e-16
74.1; 3.14; 3.50004e-16
74.1; 3.14; 3.50004e-16
74.15; 3.14; 3.50004e-16
74.15; 3.14; 3.50004e-16
74.2; 3.14; 3.50004e-16
74.2; 3.14; 3.50004e-16
74.25; 3.14; 3.50004e-16
74.25; 3.14; 3.50004e-16
74.3; 3.14; 3.50004e-16
74.3; 3.14; 3.50004e-16
74.35; 3.14; 3.50004e-16
74.35; 3.14; 3.50004e-16
74.4; 3.14; 3.50004e-16
74.4; 3.14; 3.50004e-16
74.45; 3.14; 3.50004e-16
74.45; 3.14; 3.50004e-16
74.5; 3.14; 3.50004e-16
74.5; 3.14; 3.50004e-16
74.55; 3.14; 3.50004e-16
74.55; 3.14; 3.50004e-16
74.6; 3.14; 3.50004e-16
74.6; 3.14; 3.50004e-16
74.65; 3.14; 3.50004e-16
74.65; 3.14; 3.50004e-16
74.7; 3.14; 3.50004e-16
74.7; 3.14; 3.50004e-16
74.75; 3.14; 3.50004e-16
74.75; 3.14; 3.50004e-16
74.8; 3.14; 3.50004e-16
74.8; 3.14; 3.50004e-16
74.85; 3.14; 3.50004e-16
74.85; 3.14; 3.50004e-16
74.9; 3.14; 3.50004e-16
74.9; 3.14; 3.50004e-16
74.95; 3.14; 3.50004e-16
74.95; 3.14; 3.50004e-16
75; 3.14; 3.50004e-16
75; 3.14; 3.50004e-16
75.05; 3.14; 3.50004e-16
75.05; 3.14; 3.50004e-16
75.1; 3.14; 3.50004e-16
75.1; 3.14; 3.50004e-16
75.15; 3.14; 3.50004e-16
75.15; 3.14; 3.50004e-16
75.2; 3.14; 3.50004e-16
75.2; 3.14; 3.50004e-16
75.25; 3.14; 3.50004e-16
75.25; 3.14; 3.50004e-16
75.3; 3.14; 3.50004e-16
75.3; 3.14; 3.50004e-16
75.35; 3.14; 3.50004e-16
75.35; 3.14; 3.50004e-16
75.4; 3.14; 3.50004e-16
75.4; 3.14; 3.50004e-16
75.45; 3.14; 3.50004e-16
75.45; 3.14; 3.50004e-16
75.5; 3.14; 3.50004e-16
75.5; 3.14; 3.50004e-16
75.55; 3.14; 3.50004e-16
75.55; 3.14; 3.50004e-16
75.6; 3.14; 3.50004e-16
75.6; 3.14; 3.50004e-16
75.65; 3.14; 3.50004e-16
75.65; 3.14; 3.50004e-16
75.7; 3.14; 3.50004e-16
75.7; 3.14; 3.50004e-16
75.75; 3.14; 3.50004e-16
75.75; 3.14; 3.50004e-16
75.8; 3.14; 3.50004e-16
75.8; 3.14; 3.50004e-16
75.85; 3.14; 3.50004e-16
75.85; 3.14; 3.50004e-16
75.9; 3.14; 3.50004e-16
75.9; 3.14; 3.50004e-16
75.95; 3.14; 3.50004e-16
75.95; 3.14; 3.50004e-16
76; 3.14; 3.50004e-16
76; 3.14; 3.50004e-16
76.05; 3.14; 3.50004e-16
76.05; 3.14; 3.50004e-16
76.1; 3.14; 3.50004e-16
76.1; 3.14; 3.50004e-16
76.15; 3.14; 3.50004e-16
76.15; 3.14; 3.50004e-16
76.2; 3.14; 3.50004e-16
76.2; 3.14; 3.50004e-16
76.25; 3.14; 3.50004e-16
76.25; 3.14; 3.50004e-16
76.3; 3.14; 3.50004e-16
76.3; 3.14; 3.50004e-16
76.35; 3.14; 3.50004e-16
76.35; 3.14; 3.50004e-16
76.4; 3.14; 3.50004e-16
76.4; 3.14; 3.50004e-16
76.45; 3.14; 3.50004e-16
76.45; 3.14; 3.50004e-16
76.5; 3.14; 3.50004e-16
76.5; 3.14; 3.50004e-16
76.55; 3.14; 3.50004e-16
76.55; 3.14; 3.50004e-16
76.6; 3.14; 3.50004e-16
76.6; 3.14; 3.50004e-16
76.65; 3.14; 3.50004e-16
76.65; 3.14; 3.50004e-16
76.7; 3.14; 3.50004e-16
76.7; 3.14; 3.50004e-16
76.75; 3.14; 3.50004e-16
76.75; 3.14; 3.50004e-16
76.8; 3.14; 3.50004e-16
76.8; 3.14; 3.50004e-16
76.85; 3.14; 3.50004e-16
76.85; 3.14; 3.50004e-16
76.9; 3.14; 3.50004e-16
76.9; 3.14; 3.50004e-16
76.95; 3.14; 3.50004e-16
76.95; 3.14; 3.50004e-16
77; 3.14; 3.50004e-16
77; 3.14; 3.50004e-16
77.05; 3.14; 3.50004e-16
77.05; 3.14; 3.50004e-16
77.1; 3.14; 3.50004e-16
77.1; 3.14; 3.50004e-16
77.15; 3.14; 3.50004e-16
77.15; 3.14; 3.50004e-16
77.2; 3.14; 3.50004e-16
77.2; 3.14; 3.50004e-16
77.25; 3.14; 3.50004e-16
77.25; 3.14; 3.50004e-16
77.3; 3.14; 3.50004e-16
77.3; 3.14; 3.50004e-16
77.35; 3.14; 3.50004e-16
77.35; 3.14; 3.50004e-16
77.4; 3.14; 3.50004e-16
77.4; 3.14; 3.50004e-16
77.45; 3.14; 3.50004e-16
77.45; 3.14; 3.50004e-16
77.5; 3.14; 3.50004e-16
77.5; 3.14; 3.50004e-16
77.55; 3.14; 3.50004e-16
77.55; 3.14; 3.50004e-16
77.6; 3.14; 3.50004e-16
77.6; 3.14; 3.50004e-16
77.65; 3.14; 3.50004e-16
77.65; 3.14; 3.50004e-16
77.7; 3.14; 3.50004e-16
77.7; 3.14; 3.50004e-16
77.75; 3.14; 3.50004e-16
77.75; 3.14; 3.50004e-16
77.8; 3.14; 3.50004e-16
77.8; 3.14; 3.50004e-16
77.85; 3.14; 3.50004e-16
77.85; 3.14; 3.50004e-16
77.9; 3.14; 3.50004e-16
77.9; 3.14; 3.50004e-16
77.95; 3.14; 3.50004e-16
77.95; 3.14; 3.50004e-16
78; 3.14; 3.50004e-16
78; 3.14; 3.50004e-16
78.05; 3.14; 3.50004e-16
78.05; 3.14; 3.50004e-16
78.1; 3.14; 3.50004e-16
78.1; 3.14; 3.50004e-16
78.15; 3.14; 3.50004e-16
78.15; 3.14; 3.50004e-16
78.2; 3.14; 3.50004e-16
78.2; 3.14; 3.50004e-16
78.25; 3.14; 3.50004e-16
78.25; 3.14; 3.50004e-16
78.3; 3.14; 3.50004e-16
78.3; 3.14; 3.50004e-16
78.35; 3.14; 3.50004e-16
78.35; 3.14; 3.50004e-16
78.4; 3.14; 3.50004e-16
78.4; 3.14; 3.50004e-16
78.45; 3.14; 3.50004e-16
78.45; 3.14; 3.50004e-16
78.5; 3.14; 3.50004e-16
78.5; 3.14; 3.50004e-16
78.55; 3.14; 3.50004e-16
78.55; 3.14; 3.50004e-16
78.6; 3.14; 3.50004e-16
78.6; 3.14; 3.50004e-16
78.65; 3.14; 3.50004e-16
78.65; 3.14; 3.50004e-16
78.7; 3.14; 3.50004e-16
78.7; 3.14; 3.50004e-16
78.75; 3.14; 3.50004e-16
78.75; 3.14; 3.50004e-16
78.8; 3.14; 3.50004e-16
78.8; 3.14; 3.50004e-16
78.85; 3.14; 3.50004e-16
78.85; 3.14; 3.50004e-16
78.9; 3.14; 3.50004e-16
78.9; 3.14; 3.50004e-16
78.95; 3.14; 3.50004e-16
78.95; 3.14; 3.50004e-16
79; 3.14; 3.50004e-16
79; 3.14; 3.50004e-16
79.05; 3.14; 3.50004e-16
79.05; 3.14; 3.50004e-16
79.1; 3.14; 3.50004e-16
79.1; 3.14; 3.50004e-16
79.15; 3.14; 3.50004e-16
79.15; 3.14; 3.50004e-16
79.2; 3.14; 3.50004e-16
79.2; 3.14; 3.50004e-16
79.25; 3.14; 3.50004e-16
79.25; 3.14; 3.50004e-16
79.3; 3.14; 3.50004e-16
79.3; 3.14; 3.50004e-16
79.35; 3.14; 3.50004e-16
79.35; 3.14; 3.50004e-16
79.4; 3.14; 3.50004e-16
79.4; 3.14; 3.50004e-16
79.45; 3.14; 3.50004e-16
79.45; 3.14; 3.50004e-16
79.5; 3.14; 3.50004e-16
79.5; 3.14; 3.50004e-16
79.55; 3.14; 3.50004e-16
79.55; 3.14; 3.50004e-16
79.6; 3.14; 3.50004e-16
79.6; 3.14; 3.50004e-16
79.65; 3.14; 3.50004e-16
79.65; 3.14; 3.50004e-16
79.7; 3.14; 3.50004e-16
79.7; 3.14; 3.50004e-16
79.75; 3.14; 3.50004e-16
79.75; 3.14; 3.50004e-16
79.8; 3.14; 3.50004e-16
79.8; 3.14; 3.50004e-16
79.85; 3.14; 3.50004e-16
79.85; 3.14; 3.50004e-16
79.9; 3.14; 3.50004e-16
79.9; 3.14; 3.50004e-16
79.95; 3.14; 3.50004e-16
79.95; 3.14; 3.50004e-16
80; 3.14; 3.50004e-16
80; 3.14; 3.50004e-16
80.05; 3.14; 3.50004e-16
80.05; 3.14; 3.50004e-16
80.1; 3.14; 3.50004e-16
80.1; 3.14; 3.50004e-16
80.15; 3.14; 3.50004e-16
80.15; 3.14; 3.50004e-16
80.2; 3.14; 3.50004e-16
80.2; 3.14; 3.50004e-16
80.25; 3.14; 3.50004e-16
80.25; 3.14; 3.50004e-16
80.3; 3.14; 3.50004e-16
80.3; 3.14; 3.50004e-16
80.35; 3.14; 3.50004e-16
80.35; 3.14; 3.50004e-16
80.4; 3.14; 3.50004e-16
80.4; 3.14; 3.50004e-16
80.45; 3.14; 3.50004e-16
80.45; 3.14; 3.50004e-16
80.5; 3.14; 3.50004e-16
80.5; 3.14; 3.50004e-16
80.55; 3.14; 3.50004e-16
80.55; 3.14; 3.50004e-16
80.6; 3.14; 3.50004e-16
80.6; 3.14; 3.50004e-16
80.65; 3.14; 3.50004e-16
80.65; 3.14; 3.50004e-16
80.7; 3.14; 3.50004e-16
80.7; 3.14; 3.50004e-16
80.75; 3.14; 3.50004e-16
80.75; 3.14; 3.50004e-16
80.8; 3.14; 3.50004e-16
80.8; 3.14; 3.50004e-16
80.85; 3.14; 3.50004e-16
80.85; 3.14; 3.50004e-16
80.9; 3.14; 3.50004e-16
80.9; 3.14; 3.50004e-16
80.95; 3.14; 3.50004e-16
80.95; 3.14; 3.50004e-16
81; 3.14; 3.50004e-16
81; 3.14; 3.50004e-16
81.05; 3.14; 3.50004e-16
81.05; 3.14; 3.50004e-16
81.1; 3.14; 3.50004e-16
81.1; 3.14; 3.50004e-16
81.15; 3.14; 3.50004e-16
81.15; 3.14; 3.50004e-16
81.2; 3.14; 3.50004e-16
81.2; 3.14; 3.50004e-16
81.25; 3.14; 3.50004e-16
81.25; 3.14; 3.50004e-16
81.3; 3.14; 3.50004e-16
81.3; 3.14; 3.50004e-16
81.35; 3.14; 3.50004e-16
81.35; 3.14; 3.50004e-16
81.4; 3.14; 3.50004e-16
81.4; 3.14; 3.50004e-16
81.45; 3.14; 3.50004e-16
81.45; 3.14; 3.50004e-16
81.5; 3.14; 3.50004e-16
81.5; 3.14; 3.50004e-16
81.55; 3.14; 3.50004e-16
81.55; 3.14; 3.50004e-16
81.6; 3.14; 3.50004e-16
81.6; 3.14; 3.50004e-16
81.65; 3.14; 3.50004e-16
81.65; 3.14; 3.50004e-16
81.7; 3.14; 3.50004e-16
81.7; 3.14; 3.50004e-16
81.75; 3.14; 3.50004e-16
81.75; 3.14; 3.50004e-16
81.8; 3.14; 3.50004e-16
81.8; 3.14; 3.50004e-16
81.85; 3.14; 3.50004e-16
81.85; 3.14; 3.50004e-16
81.9; 3.14; 3.50004e-16
81.9; 3.14; 3.50004e-16
81.95; 3.14; 3.50004e-16
81.95; 3.14; 3.50004e-16
82; 3.14; 3.50004e-16
82; 3.14; 3.50004e-16
82.05; 3.14; 3.50004e-16
82.05; 3.14; 3.50004e-16
82.1; 3.14; 3.50004e-16
82.1; 3.14; 3.50004e-16
82.15; 3.14; 3.50004e-16
82.15; 3.14; 3.50004e-16
82.2; 3.14; 3.50004e-16
82.2; 3.14; 3.50004e-16
82.25; 3.14; 3.50004e-16
82.25; 3.14; 3.50004e-16
82.3; 3.14; 3.50004e-16
82.3; 3.14; 3.50004e-16
82.35; 3.14; 3.50004e-16
82.35; 3.14; 3.50004e-16
82.4; 3.14; 3.50004e-16
82.4; 3.14; 3.50004e-16
82.45; 3.14; 3.50004e-16
82.45; 3.14; 3.50004e-16
82.5; 3.14; 3.50004e-16
82.5; 3.14; 3.50004e-16
82.55; 3.14; 3.50004e-16
82.55; 3.14; 3.50004e-16
82.6; 3.14; 3.50004e-16
82.6; 3.14; 3.50004e-16
82.65; 3.14; 3.50004e-16
82.65; 3.14; 3.50004e-16
82.7; 3.14; 3.50004e-16
82.7; 3.14; 3.50004e-16
82.75; 3.14; 3.50004e-16
82.75; 3.14; 3.50004e-16
82.8; 3.14; 3.50004e-16
82.8; 3.14; 3.50004e-16
82.85; 3.14; 3.50004e-16
82.85; 3.14; 3.50004e-16
82.9; 3.14; 3.50004e-16
82.9; 3.14; 3.50004e-16
82.95; 3.14; 3.50004e-16
82.95; 3.14; 3.50004e-16
83; 3.14; 3.50004e-16
83; 3.14; 3.50004e-16
83.05; 3.14; 3.50004e-16
83.05; 3.14; 3.50004e-16
83.1; 3.14; 3.50004e-16
83.1; 3.14; 3.50004e-16
83.15; 3.14; 3.50004e-16
83.15; 3.14; 3.50004e-16
83.2; 3.14; 3.50004e-16
83.2; 3.14; 3.50004e-16
83.25; 3.14; 3.50004e-16
83.25; 3.14; 3.50004e-16
83.3; 3.14; 3.50004e-16
83.3; 3.14; 3.50004e-16
83.35; 3.14; 3.50004e-16
83.35; 3.14; 3.50004e-16
83.4; 3.14; 3.50004e-16
83.4; 3.14; 3.50004e-16
83.45; 3.14; 3.50004e-16
83.45; 3.14; 3.50004e-16
83.5; 3.14; 3.50004e-16
83.5; 3.14; 3.50004e-16
83.55; 3.14; 3.50004e-16
83.55; 3.14; 3.50004e-16
83.6; 3.14; 3.50004e-16
83.6; 3.14; 3.50004e-16
83.65; 3.14; 3.50004e-16
83.65; 3.14; 3.50004e-16
83.7; 3.14; 3.50004e-16
83.7; 3.14; 3.50004e-16
83.75; 3.14; 3.50004e-16
83.75; 3.14; 3.50004e-16
83.8; 3.14; 3.50004e-16
83.8; 3.14; 3.50004e-16
83.85; 3.14; 3.50004e-16
83.85; 3.14; 3.50004e-16
83.9; 3.14; 3.50004e-16
83.9; 3.14; 3.50004e-16
83.95; 3.14; 3.50004e-16
83.95; 3.14; 3.50004e-16
84; 3.14; 3.50004e-16
84; 3.14; 3.50004e-16
84.05; 3.14; 3.50004e-16
84.05; 3.14; 3.50004e-16
84.1; 3.14; 3.50004e-16
84.1; 3.14; 3.50004e-16
84.15; 3.14; 3.50004e-16
84.15; 3.14; 3.50004e-16
84.2; 3.14; 3.50004e-16
84.2; 3.14; 3.50004e-16
84.25; 3.14; 3.50004e-16
84.25; 3.14; 3.50004e-16
84.3; 3.14; 3.50004e-16
84.3; 3.14; 3.50004e-16
84.35; 3.14; 3.50004e-16
84.35; 3.14; 3.50004e-16
84.4; 3.14; 3.50004e-16
84.4; 3.14; 3.50004e-16
84.45; 3.14; 3.50004e-16
84.45; 3.14; 3.50004e-16
84.5; 3.14; 3.50004e-16
84.5; 3.14; 3.50004e-16
84.55; 3.14; 3.50004e-16
84.55; 3.14; 3.50004e-16
84.6; 3.14; 3.50004e-16
84.6; 3.14; 3.50004e-16
84.65; 3.14; 3.50004e-16
84.65; 3.14; 3.50004e-16
84.7; 3.14; 3.50004e-16
84.7; 3.14; 3.50004e-16
84.75; 3.14; 3.50004e-16
84.75; 3.14; 3.50004e-16
84.8; 3.14; 3.50004e-16
84.8; 3.14; 3.50004e-16
84.85; 3.14; 3.50004e-16
84.85; 3.14; 3.50004e-16
84.9; 3.14; 3.50004e-16
84.9; 3.14; 3.50004e-16
84.95; 3.14; 3.50004e-16
84.95; 3.14; 3.50004e-16
85; 3.14; 3.50004e-16
85; 3.14; 3.50004e-16
85.05; 3.14; 3.50004e-16
85.05; 3.14; 3.50004e-16
85.1; 3.14; 3.50004e-16
85.1; 3.14; 3.50004e-16
85.15; 3.14; 3.50004e-16
85.15; 3.14; 3.50004e-16
85.2; 3.14; 3.50004e-16
85.2; 3.14; 3.50004e-16
85.25; 3.14; 3.50004e-16
85.25; 3.14; 3.50004e-16
85.3; 3.14; 3.50004e-16
85.3; 3.14; 3.50004e-16
85.35; 3.14; 3.50004e-16
85.35; 3.14; 3.50004e-16
85.4; 3.14; 3.50004e-16
85.4; 3.14; 3.50004e-16
85.45; 3.14; 3.50004e-16
85.45; 3.14; 3.50004e-16
85.5; 3.14; 3.50004e-16
85.5; 3.14; 3.50004e-16
85.55; 3.14; 3.50004e-16
85.55; 3.14; 3.50004e-16
85.6; 3.14; 3.50004e-16
85.6; 3.14; 3.50004e-16
85.65; 3.14; 3.50004e-16
85.65; 3.14; 3.50004e-16
85.7; 3.14; 3.50004e-16
85.7; 3.14; 3.50004e-16
85.75; 3.14; 3.50004e-16
85.75; 3.14; 3.50004e-16
85.8; 3.14; 3.50004e-16
85.8; 3.14; 3.50004e-16
85.85; 3.14; 3.50004e-16
85.85; 3.14; 3.50004e-16
85.9; 3.14; 3.50004e-16
85.9; 3.14; 3.50004e-16
85.95; 3.14; 3.50004e-16
85.95; 3.14; 3.50004e-16
86; 3.14; 3.50004e-16
86; 3.14; 3.50004e-16
86.05; 3.14; 3.50004e-16
86.05; 3.14; 3.50004e-16
86.1; 3.14; 3.50004e-16
86.1; 3.14; 3.50004e-16
86.15; 3.14; 3.50004e-16
86.15; 3.14; 3.50004e-16
86.2; 3.14; 3.50004e-16
86.2; 3.14; 3.50004e-16
86.25; 3.14; 3.50004e-16
86.25; 3.14; 3.50004e-16
86.3; 3.14; 3.50004e-16
86.3; 3.14; 3.50004e-16
86.35; 3.14; 3.50004e-16
86.35; 3.14; 3.50004e-16
86.4; 3.14; 3.50004e-16
86.4; 3.14; 3.50004e-16
86.45; 3.14; 3.50004e-16
86.45; 3.14; 3.50004e-16
86.5; 3.14; 3.50004e-16
86.5; 3.14; 3.50004e-16
86.55; 3.14; 3.50004e-16
86.55; 3.14; 3.50004e-16
86.6; 3.14; 3.50004e-16
86.6; 3.14; 3.50004e-16
86.65; 3.14; 3.50004e-16
86.65; 3.14; 3.50004e-16
86.7; 3.14; 3.50004e-16
86.7; 3.14; 3.50004e-16
86.75; 3.14; 3.50004e-16
86.75; 3.14; 3.50004e-16
86.8; 3.14; 3.50004e-16
86.8; 3.14; 3.50004e-16
86.85; 3.14; 3.50004e-16
86.85; 3.14; 3.50004e-16
86.9; 3.14; 3.50004e-16
86.9; 3.14; 3.50004e-16
86.95; 3.14; 3.50004e-16
86.95; 3.14; 3.50004e-16
87; 3.14; 3.50004e-16
87; 3.14; 3.50004e-16
87.05; 3.14; 3.50004e-16
87.05; 3.14; 3.50004e-16
87.1; 3.14; 3.50004e-16
87.1; 3.14; 3.50004e-16
87.15; 3.14; 3.50004e-16
87.15; 3.14; 3.50004e-16
87.2; 3.14; 3.50004e-16
87.2; 3.14; 3.50004e-16
87.25; 3.14; 3.50004e-16
87.25; 3.14; 3.50004e-16
87.3; 3.14; 3.50004e-16
87.3; 3.14; 3.50004e-16
87.35; 3.14; 3.50004e-16
87.35; 3.14; 3.50004e-16
87.4; 3.14; 3.50004e-16
87.4; 3.14; 3.50004e-16
87.45; 3.14; 3.50004e-16
87.45; 3.14; 3.50004e-16
87.5; 3.14; 3.50004e-16
87.5; 3.14; 3.50004e-16
87.55; 3.14; 3.50004e-16
87.55; 3.14; 3.50004e-16
87.6; 3.14; 3.50004e-16
87.6; 3.14; 3.50004e-16
87.65; 3.14; 3.50004e-16
87.65; 3.14; 3.50004e-16
87.7; 3.14; 3.50004e-16
87.7; 3.14; 3.50004e-16
87.75; 3.14; 3.50004e-16
87.75; 3.14; 3.50004e-16
87.8; 3.14; 3.50004e-16
87.8; 3.14; 3.50004e-16
87.85; 3.14; 3.50004e-16
87.85; 3.14; 3.50004e-16
87.9; 3.14; 3.50004e-16
87.9; 3.14; 3.50004e-16
87.95; 3.14; 3.50004e-16
87.95; 3.14; 3.50004e-16
88; 3.14; 3.50004e-16
88; 3.14; 3.50004e-16
88.05; 3.14; 3.50004e-16
88.05; 3.14; 3.50004e-16
88.1; 3.14; 3.50004e-16
88.1; 3.14; 3.50004e-16
88.15; 3.14; 3.50004e-16
88.15; 3.14; 3.50004e-16
88.2; 3.14; 3.50004e-16
88.2; 3.14; 3.50004e-16
88.25; 3.14; 3.50004e-16
88.25; 3.14; 3.50004e-16
88.3; 3.14; 3.50004e-16
88.3; 3.14; 3.50004e-16
88.35; 3.14; 3.50004e-16
88.35; 3.14; 3.50004e-16
88.4; 3.14; 3.50004e-16
88.4; 3.14; 3.50004e-16
88.45; 3.14; 3.50004e-16
88.45; 3.14; 3.50004e-16
88.5; 3.14; 3.50004e-16
88.5; 3.14; 3.50004e-16
88.55; 3.14; 3.50004e-16
88.55; 3.14; 3.50004e-16
88.6; 3.14; 3.50004e-16
88.6; 3.14; 3.50004e-16
88.65; 3.14; 3.50004e-16
88.65; 3.14; 3.50004e-16
88.7; 3.14; 3.50004e-16
88.7; 3.14; 3.50004e-16
88.75; 3.14; 3.50004e-16
88.75; 3.14; 3.50004e-16
88.8; 3.14; 3.50004e-16
88.8; 3.14; 3.50004e-16
88.85; 3.14; 3.50004e-16
88.85; 3.14; 3.50004e-16
88.9; 3.14; 3.50004e-16
88.9; 3.14; 3.50004e-16
88.95; 3.14; 3.50004e-16
88.95; 3.14; 3.50004e-16
89; 3.14; 3.50004e-16
89; 3.14; 3.50004e-16
89.05; 3.14; 3.50004e-16
89.05; 3.14; 3.50004e-16
89.1; 3.14; 3.50004e-16
89.1; 3.14; 3.50004e-16
89.15; 3.14; 3.50004e-16
89.15; 3.14; 3.50004e-16
89.2; 3.14; 3.50004e-16
89.2; 3.14; 3.50004e-16
89.25; 3.14; 3.50004e-16
89.25; 3.14; 3.50004e-16
89.3; 3.14; 3.50004e-16
89.3; 3.14; 3.50004e-16
89.35; 3.14; 3.50004e-16
89.35; 3.14; 3.50004e-16
89.4; 3.14; 3.50004e-16
89.4; 3.14; 3.50004e-16
89.45; 3.14; 3.50004e-16
89.45; 3.14; 3.50004e-16
89.5; 3.14; 3.50004e-16
89.5; 3.14; 3.50004e-16
89.55; 3.14; 3.50004e-16
89.55; 3.14; 3.50004e-16
89.6; 3.14; 3.50004e-16
89.6; 3.14; 3.50004e-16
89.65; 3.14; 3.50004e-16
89.65; 3.14; 3.50004e-16
89.7; 3.14; 3.50004e-16
89.7; 3.14; 3.50004e-16
89.75; 3.14; 3.50004e-16
89.75; 3.14; 3.50004e-16
89.8; 3.14; 3.50004e-16
89.8; 3.14; 3.50004e-16
89.85; 3.14; 3.50004e-16
89.85; 3.14; 3.50004e-16
89.9; 3.14; 3.50004e-16
89.9; 3.14; 3.50004e-16
89.95; 3.14; 3.50004e-16
89.95; 3.14; 3.50004e-16
90; 3.14; 3.50004e-16
90; 3.14; 3.50004e-16
90.05; 3.14; 3.50004e-16
90.05; 3.14; 3.50004e-16
90.1; 3.14; 3.50004e-16
90.1; 3.14; 3.50004e-16
90.15; 3.14; 3.50004e-16
90.15; 3.14; 3.50004e-16
90.2; 3.14; 3.50004e-16
90.2; 3.14; 3.50004e-16
90.25; 3.14; 3.50004e-16
90.25; 3.14; 3.50004e-16
90.3; 3.14; 3.50004e-16
90.3; 3.14; 3.50004e-16
90.35; 3.14; 3.50004e-16
90.35; 3.14; 3.50004e-16
90.4; 3.14; 3.50004e-16
90.4; 3.14; 3.50004e-16
90.45; 3.14; 3.50004e-16
90.45; 3.14; 3.50004e-16
90.5; 3.14; 3.50004e-16
90.5; 3.14; 3.50004e-16
90.55; 3.14; 3.50004e-16
90.55; 3.14; 3.50004e-16
90.6; 3.14; 3.50004e-16
90.6; 3.14; 3.50004e-16
90.65; 3.14; 3.50004e-16
90.65; 3.14; 3.50004e-16
90.7; 3.14; 3.50004e-16
90.7; 3.14; 3.50004e-16
90.75; 3.14; 3.50004e-16
90.75; 3.14; 3.50004e-16
90.8; 3.14; 3.50004e-16
90.8; 3.14; 3.50004e-16
90.85; 3.14; 3.50004e-16
90.85; 3.14; 3.50004e-16
90.9; 3.14; 3.50004e-16
90.9; 3.14; 3.50004e-16
90.95; 3.14; 3.50004e-16
90.95; 3.14; 3.50004e-16
91; 3.14; 3.50004e-16
91; 3.14; 3.50004e-16
91.05; 3.14; 3.50004e-16
91.05; 3.14; 3.50004e-16
91.1; 3.14; 3.50004e-16
91.1; 3.14; 3.50004e-16
91.15; 3.14; 3.50004e-16
91.15; 3.14; 3.50004e-16
91.2; 3.14; 3.50004e-16
91.2; 3.14; 3.50004e-16
91.25; 3.14; 3.50004e-16
91.25; 3.14; 3.50004e-16
91.3; 3.14; 3.50004e-16
91.3; 3.14; 3.50004e-16
91.35; 3.14; 3.50004e-16
91.35; 3.14; 3.50004e-16
91.4; 3.14; 3.50004e-16
91.4; 3.14; 3.50004e-16
91.45; 3.14; 3.50004e-16
91.45; 3.14; 3.50004e-16
91.5; 3.14; 3.50004e-16
91.5; 3.14; 3.50004e-16
91.55; 3.14; 3.50004e-16
91.55; 3.14; 3.50004e-16
91.6; 3.14; 3.50004e-16
91.6; 3.14; 3.50004e-16
91.65; 3.14; 3.50004e-16
91.65; 3.14; 3.50004e-16
91.7; 3.14; 3.50004e-16
91.7; 3.14; 3.50004e-16
91.75; 3.14; 3.50004e-16
91.75; 3.14; 3.50004e-16
91.8; 3.14; 3.50004e-16
91.8; 3.14; 3.50004e-16
91.85; 3.14; 3.50004e-16
91.85; 3.14; 3.50004e-16
91.9; 3.14; 3.50004e-16
91.9; 3.14; 3.50004e-16
91.95; 3.14; 3.50004e-16
91.95; 3.14; 3.50004e-16
92; 3.14; 3.50004e-16
92; 3.14; 3.50004e-16
92.05; 3.14; 3.50004e-16
92.05; 3.14; 3.50004e-16
92.1; 3.14; 3.50004e-16
92.1; 3.14; 3.50004e-16
92.15; 3.14; 3.50004e-16
92.15; 3.14; 3.50004e-16
92.2; 3.14; 3.50004e-16
92.2; 3.14; 3.50004e-16
92.25; 3.14; 3.50004e-16
92.25; 3.14; 3.50004e-16
92.3; 3.14; 3.50004e-16
92.3; 3.14; 3.50004e-16
92.35; 3.14; 3.50004e-16
92.35; 3.14; 3.50004e-16
92.4; 3.14; 3.50004e-16
92.4; 3.14; 3.50004e-16
92.45; 3.14; 3.50004e-16
92.45; 3.14; 3.50004e-16
92.5; 3.14; 3.50004e-16
92.5; 3.14; 3.50004e-16
92.55; 3.14; 3.50004e-16
92.55; 3.14; 3.50004e-16
92.6; 3.14; 3.50004e-16
92.6; 3.14; 3.50004e-16
92.65; 3.14; 3.50004e-16
92.65; 3.14; 3.50004e-16
92.7; 3.14; 3.50004e-16
92.7; 3.14; 3.50004e-16
92.75; 3.14; 3.50004e-16
92.75; 3.14; 3.50004e-16
92.8; 3.14; 3.50004e-16
92.8; 3.14; 3.50004e-16
92.85; 3.14; 3.50004e-16
92.85; 3.14; 3.50004e-16
92.9; 3.14; 3.50004e-16
92.9; 3.14; 3.50004e-16
92.95; 3.14; 3.50004e-16
92.95; 3.14; 3.50004e-16
93; 3.14; 3.50004e-16
93; 3.14; 3.50004e-16
93.05; 3.14; 3.50004e-16
93.05; 3.14; 3.50004e-16
93.1; 3.14; 3.50004e-16
93.1; 3.14; 3.50004e-16
93.15; 3.14; 3.50004e-16
93.15; 3.14; 3.50004e-16
93.2; 3.14; 3.50004e-16
93.2; 3.14; 3.50004e-16
93.25; 3.14; 3.50004e-16
93.25; 3.14; 3.50004e-16
93.3; 3.14; 3.50004e-16
93.3; 3.14; 3.50004e-16
93.35; 3.14; 3.50004e-16
93.35; 3.14; 3.50004e-16
93.4; 3.14; 3.50004e-16
93.4; 3.14; 3.50004e-16
93.45; 3.14; 3.50004e-16
93.45; 3.14; 3.50004e-16
93.5; 3.14; 3.50004e-16
93.5; 3.14; 3.50004e-16
93.55; 3.14; 3.50004e-16
93.55; 3.14; 3.50004e-16
93.6; 3.14; 3.50004e-16
93.6; 3.14; 3.50004e-16
93.65; 3.14; 3.50004e-16
93.65; 3.14; 3.50004e-16
93.7; 3.14; 3.50004e-16
93.7; 3.14; 3.50004e-16
93.75; 3.14; 3.50004e-16
93.75; 3.14; 3.50004e-16
93.8; 3.14; 3.50004e-16
93.8; 3.14; 3.50004e-16
93.85; 3.14; 3.50004e-16
93.85; 3.14; 3.50004e-16
93.9; 3.14; 3.50004e-16
93.9; 3.14; 3.50004e-16
93.95; 3.14; 3.50004e-16
93.95; 3.14; 3.50004e-16
94; 3.14; 3.50004e-16
94; 3.14; 3.50004e-16
94.05; 3.14; 3.50004e-16
94.05; 3.14; 3.50004e-16
94.1; 3.14; 3.50004e-16
94.1; 3.14; 3.50004e-16
94.15; 3.14; 3.50004e-16
94.15; 3.14; 3.50004e-16
94.2; 3.14; 3.50004e-16
94.2; 3.14; 3.50004e-16
94.25; 3.14; 3.50004e-16
94.25; 3.14; 3.50004e-16
94.3; 3.14; 3.50004e-16
94.3; 3.14; 3.50004e-16
94.35; 3.14; 3.50004e-16
94.35; 3.14; 3.50004e-16
94.4; 3.14; 3.50004e-16
94.4; 3.14; 3.50004e-16
94.45; 3.14; 3.50004e-16
94.45; 3.14; 3.50004e-16
94.5; 3.14; 3.50004e-16
94.5; 3.14; 3.50004e-16
94.55; 3.14; 3.50004e-16
94.55; 3.14; 3.50004e-16
94.6; 3.14; 3.50004e-16
94.6; 3.14; 3.50004e-16
94.65; 3.14; 3.50004e-16
94.65; 3.14; 3.50004e-16
94.7; 3.14; 3.50004e-16
94.7; 3.14; 3.50004e-16
94.75; 3.14; 3.50004e-16
94.75; 3.14; 3.50004e-16
94.8; 3.14; 3.50004e-16
94.8; 3.14; 3.50004e-16
94.85; 3.14; 3.50004e-16
94.85; 3.14; 3.50004e-16
94.9; 3.14; 3.50004e-16
94.9; 3.14; 3.50004e-16
94.95; 3.14; 3.50004e-16
94.95; 3.14; 3.50004e-16
95; 3.14; 3.50004e-16
95; 3.14; 3.50004e-16
95.05; 3.14; 3.50004e-16
95.05; 3.14; 3.50004e-16
95.1; 3.14; 3.50004e-16
95.1; 3.14; 3.50004e-16
95.15; 3.14; 3.50004e-16
95.15; 3.14; 3.50004e-16
95.2; 3.14; 3.50004e-16
95.2; 3.14; 3.50004e-16
95.25; 3.14; 3.50004e-16
95.25; 3.14; 3.50004e-16
95.3; 3.14; 3.50004e-16
95.3; 3.14; 3.50004e-16
95.35; 3.14; 3.50004e-16
95.35; 3.14; 3.50004e-16
95.4; 3.14; 3.50004e-16
95.4; 3.14; 3.50004e-16
95.45; 3.14; 3.50004e-16
95.45; 3.14; 3.50004e-16
95.5; 3.14; 3.50004e-16
95.5; 3.14; 3.50004e-16
95.55; 3.14; 3.50004e-16
95.55; 3.14; 3.50004e-16
95.6; 3.14; 3.50004e-16
95.6; 3.14; 3.50004e-16
95.65; 3.14; 3.50004e-16
95.65; 3.14; 3.50004e-16
95.7; 3.14; 3.50004e-16
95.7; 3.14; 3.50004e-16
95.75; 3.14; 3.50004e-16
95.75; 3.14; 3.50004e-16
95.8; 3.14; 3.50004e-16
95.8; 3.14; 3.50004e-16
95.85; 3.14; 3.50004e-16
95.85; 3.14; 3.50004e-16
95.9; 3.14; 3.50004e-16
95.9; 3.14; 3.50004e-16
95.95; 3.14; 3.50004e-16
95.95; 3.14; 3.50004e-16
96; 3.14; 3.50004e-16
96; 3.14; 3.50004e-16
96.05; 3.14; 3.50004e-16
96.05; 3.14; 3.50004e-16
96.1; 3.14; 3.50004e-16
96.1; 3.14; 3.50004e-16
96.15; 3.14; 3.50004e-16
96.15; 3.14; 3.50004e-16
96.2; 3.14; 3.50004e-16
96.2; 3.14; 3.50004e-16
96.25; 3.14; 3.50004e-16
96.25; 3.14; 3.50004e-16
96.3; 3.14; 3.50004e-16
96.3; 3.14; 3.50004e-16
96.35; 3.14; 3.50004e-16
96.35; 3.14; 3.50004e-16
96.4; 3.14; 3.50004e-16
96.4; 3.14; 3.50004e-16
96.45; 3.14; 3.50004e-16
96.45; 3.14; 3.50004e-16
96.5; 3.14; 3.50004e-16
96.5; 3.14; 3.50004e-16
96.55; 3.14; 3.50004e-16
96.55; 3.14; 3.50004e-16
96.6; 3.14; 3.50004e-16
96.6; 3.14; 3.50004e-16
96.65; 3.14; 3.50004e-16
96.65; 3.14; 3.50004e-16
96.7; 3.14; 3.50004e-16
96.7; 3.14; 3.50004e-16
96.75; 3.14; 3.50004e-16
96.75; 3.14; 3.50004e-16
96.8; 3.14; 3.50004e-16
96.8; 3.14; 3.50004e-16
96.85; 3.14; 3.50004e-16
96.85; 3.14; 3.50004e-16
96.9; 3.14; 3.50004e-16
96.9; 3.14; 3.50004e-16
96.95; 3.14; 3.50004e-16
96.95; 3.14; 3.50004e-16
97; 3.14; 3.50004e-16
97; 3.14; 3.50004e-16
97.05; 3.14; 3.50004e-16
97.05; 3.14; 3.50004e-16
97.1; 3.14; 3.50004e-16
97.1; 3.14; 3.50004e-16
97.15; 3.14; 3.50004e-16
97.15; 3.14; 3.50004e-16
97.2; 3.14; 3.50004e-16
97.2; 3.14; 3.50004e-16
97.25; 3.14; 3.50004e-16
97.25; 3.14; 3.50004e-16
97.3; 3.14; 3.50004e-16
97.3; 3.14; 3.50004e-16
97.35; 3.14; 3.50004e-16
97.35; 3.14; 3.50004e-16
97.4; 3.14; 3.50004e-16
97.4; 3.14; 3.50004e-16
97.45; 3.14; 3.50004e-16
97.45; 3.14; 3.50004e-16
97.5; 3.14; 3.50004e-16
97.5; 3.14; 3.50004e-16
97.55; 3.14; 3.50004e-16
97.55; 3.14; 3.50004e-16
97.6; 3.14; 3.50004e-16
97.6; 3.14; 3.50004e-16
97.65; 3.14; 3.50004e-16
97.65; 3.14; 3.50004e-16
97.7; 3.14; 3.50004e-16
97.7; 3.14; 3.50004e-16
97.75; 3.14; 3.50004e-16
97.75; 3.14; 3.50004e-16
97.8; 3.14; 3.50004e-16
97.8; 3.14; 3.50004e-16
97.85; 3.14; 3.50004e-16
97.85; 3.14; 3.50004e-16
97.9; 3.14; 3.50004e-16
97.9; 3.14; 3.50004e-16
97.95; 3.14; 3.50004e-16
97.95; 3.14; 3.50004e-16
98; 3.14; 3.50004e-16
98; 3.14; 3.50004e-16
98.05; 3.14; 3.50004e-16
98.05; 3.14; 3.50004e-16
98.1; 3.14; 3.50004e-16
98.1; 3.14; 3.50004e-16
98.15; 3.14; 3.50004e-16
98.15; 3.14; 3.50004e-16
98.2; 3.14; 3.50004e-16
98.2; 3.14; 3.50004e-16
98.25; 3.14; 3.50004e-16
98.25; 3.14; 3.50004e-16
98.3; 3.14; 3.50004e-16
98.3; 3.14; 3.50004e-16
98.35; 3.14; 3.50004e-16
98.35; 3.14; 3.50004e-16
98.4; 3.14; 3.50004e-16
98.4; 3.14; 3.50004e-16
98.45; 3.14; 3.50004e-16
98.45; 3.14; 3.50004e-16
98.5; 3.14; 3.50004e-16
98.5; 3.14; 3.50004e-16
98.55; 3.14; 3.50004e-16
98.55; 3.14; 3.50004e-16
98.6; 3.14; 3.50004e-16
98.6; 3.14; 3.50004e-16
98.65; 3.14; 3.50004e-16
98.65; 3.14; 3.50004e-16
98.7; 3.14; 3.50004e-16
98.7; 3.14; 3.50004e-16
98.75; 3.14; 3.50004e-16
98.75; 3.14; 3.50004e-16
98.8; 3.14; 3.50004e-16
98.8; 3.14; 3.50004e-16
98.85; 3.14; 3.50004e-16
98.85; 3.14; 3.50004e-16
98.9; 3.14; 3.50004e-16
98.9; 3.14; 3.50004e-16
98.95; 3.14; 3.50004e-16
98.95; 3.14; 3.50004e-16
99; 3.14; 3.50004e-16
99; 3.14; 3.50004e-16
99.05; 3.14; 3.50004e-16
99.05; 3.14; 3.50004e-16
99.1; 3.14; 3.50004e-16
99.1; 3.14; 3.50004e-16
99.15; 3.14; 3.50004e-16
99.15; 3.14; 3.50004e-16
99.2; 3.14; 3.50004e-16
99.2; 3.14; 3.50004e-16
99.25; 3.14; 3.50004e-16
99.25; 3.14; 3.50004e-16
99.3; 3.14; 3.50004e-16
99.3; 3.14; 3.50004e-16
99.35; 3.14; 3.50004e-16
99.35; 3.14; 3.50004e-16
99.4; 3.14; 3.50004e-16
99.4; 3.14; 3.50004e-16
99.45; 3.14; 3.50004e-16
99.45; 3.14; 3.50004e-16
99.5; 3.14; 3.50004e-16
99.5; 3.14; 3.50004e-16
99.55; 3.14; 3.50004e-16
99.55; 3.14; 3.50004e-16
99.6; 3.14; 3.50004e-16
99.6; 3.14; 3.50004e-16
99.65; 3.14; 3.50004e-16
99.65; 3.14; 3.50004e-16
99.7; 3.14; 3.50004e-16
99.7; 3.14; 3.50004e-16
99.75; 3.14; 3.50004e-16
99.75; 3.14; 3.50004e-16
99.8; 3.14; 3.50004e-16
99.8; 3.14; 3.50004e-16
99.85; 3.14; 3.50004e-16
99.85; 3.14; 3.50004e-16
99.9; 3.14; 3.50004e-16
99.9; 3.14; 3.50004e-16
99.95; 3.14; 3.50004e-16
99.95; 3.14; 3.50004e-16
100; 3.14; 3.50004e-16